{
    "feature_names": [
        "PM2.5",
        "PM10",
        "NO2",
        "NOx",
        "SO2",
        "CH4",
        "CO",
        "RH",
        "AMB_TEMP",
        "RAINFALL",
        "WIND_SPEED"
    ],
    "weights": [
        0.9999853242323498,
        3.0410574083555025e-05,
        -5.640074094344706e-06,
        9.649843711424522e-06,
        1.1726628594459393e-05,
        -0.001953965880983268,
        -0.0008154651860290974,
        5.025472358330638e-05,
        4.555256519253279e-05,
        0.0,
        0.00018855538865370953
    ],
    "bias": -0.0008664971698053301
}