{
    "feature_names": [
        "PM2.5",
        "PM10",
        "NO2",
        "NOx",
        "SO2",
        "CH4",
        "CO",
        "RH",
        "AMB_TEMP",
        "RAINFALL",
        "WIND_SPEED"
    ],
    "weights": [
        0.9999914345631306,
        1.7825768276451246e-05,
        -3.506243965071121e-06,
        6.8987434226079425e-06,
        8.61286849243352e-06,
        -0.001128720162227309,
        -0.0005832030580561402,
        2.9021975520712135e-05,
        2.6422489468816897e-05,
        0.0,
        0.00010925002634583983
    ],
    "bias": -0.0004928575915170319
}