{
    "feature_names": [
        "PM2.5",
        "PM10",
        "NO2",
        "NOx",
        "SO2",
        "CH4",
        "CO",
        "RH",
        "AMB_TEMP",
        "RAINFALL",
        "WIND_SPEED"
    ],
    "weights": [
        0.9999907105130306,
        1.9341556254534977e-05,
        -4.1210539436462545e-06,
        7.551801403190629e-06,
        9.084025837307266e-06,
        -0.0012290185994370338,
        -0.0006115091153517929,
        3.1623720615824626e-05,
        2.870984948247042e-05,
        0.0,
        0.00011851744580219178
    ],
    "bias": -0.00053826684142596
}