{
    "feature_names": [
        "PM2.5",
        "PM10",
        "NO2",
        "NOx",
        "SO2",
        "CH4",
        "CO",
        "RH",
        "AMB_TEMP",
        "RAINFALL",
        "WIND_SPEED"
    ],
    "weights": [
        0.9992246547758926,
        0.00035337530215127954,
        0.006854381041397821,
        -0.0065054924456187276,
        0.005193568193376886,
        -0.004522568100523072,
        -0.0012917165283252254,
        -0.00031077524808175973,
        0.0010438623767977334,
        0.0,
        0.007145453466296356
    ],
    "bias": -0.0019065858711703047
}