{
    "feature_names": [
        "PM2.5",
        "PM10",
        "NO2",
        "NOx",
        "SO2",
        "CH4",
        "CO",
        "RH",
        "AMB_TEMP",
        "RAINFALL",
        "WIND_SPEED"
    ],
    "weights": [
        0.9999522396416878,
        6.905794694134733e-05,
        0.00038380963815340776,
        -0.00033839770822070733,
        -6.25109068049848e-05,
        -0.0034763338849266457,
        -0.0012333740519103607,
        6.59259880222282e-05,
        0.0001232596276802949,
        0.0,
        0.0007445591881411372
    ],
    "bias": -0.0015523642871976121
}