{
    "feature_names": [
        "PM2.5",
        "PM10",
        "NO2",
        "NOx",
        "SO2",
        "CH4",
        "CO",
        "RH",
        "AMB_TEMP",
        "RAINFALL",
        "WIND_SPEED"
    ],
    "weights": [
        0.9975285055827544,
        0.0007926208971584482,
        0.015205992178585443,
        -0.01523812832190881,
        0.02552097169798522,
        -0.0046423853341988055,
        -0.0008414053533987449,
        -0.0008583598551540844,
        0.002592644243025045,
        0.0,
        0.013968625046153614
    ],
    "bias": -0.0016806361668466891
}