{
    "feature_names": [
        "PM2.5",
        "PM10",
        "NO2",
        "NOx",
        "SO2",
        "CH4",
        "CO",
        "RH",
        "AMB_TEMP",
        "RAINFALL",
        "WIND_SPEED"
    ],
    "weights": [
        0.999804995885027,
        0.00015563796664977856,
        0.0022791802165095265,
        -0.002075777769075321,
        0.00022533571246179012,
        -0.00417626967457256,
        -0.001377453391163486,
        -3.112086972191e-05,
        0.0003643146093607215,
        0.0,
        0.002742639641598023
    ],
    "bias": -0.0018460590872361174
}