{
    "feature_names": [
        "PM2.5",
        "PM10",
        "NO2",
        "NOx",
        "SO2",
        "CH4",
        "CO",
        "RH",
        "AMB_TEMP",
        "RAINFALL",
        "WIND_SPEED"
    ],
    "weights": [
        0.9986508554041817,
        0.0004971159129550793,
        0.010084384037057156,
        -0.009798039512723022,
        0.011709245845994937,
        -0.004592268937789579,
        -0.0011417936938408317,
        -0.0005204215582295453,
        0.0016102921628858393,
        0.0,
        0.010032594505279841
    ],
    "bias": -0.001841950376365367
}