{
    "feature_names": [
        "PM2.5",
        "PM10",
        "NO2",
        "NOx",
        "SO2",
        "CH4",
        "CO",
        "RH",
        "AMB_TEMP",
        "RAINFALL",
        "WIND_SPEED"
    ],
    "weights": [
        0.9999697277661248,
        5.2918640554167106e-05,
        0.00012701464757667227,
        -0.00010801889603579527,
        -1.6547511691650313e-05,
        -0.003081988267687699,
        -0.0011288170334623684,
        7.119258718280655e-05,
        8.616899261835254e-05,
        0.0,
        0.00043848340106947395
    ],
    "bias": -0.0013761363068302403
}