{
    "feature_names": [
        "PM2.5",
        "PM10",
        "NO2",
        "NOx",
        "SO2",
        "CH4",
        "CO",
        "RH",
        "AMB_TEMP",
        "RAINFALL",
        "WIND_SPEED"
    ],
    "weights": [
        0.9999014280380342,
        0.00010459988603404447,
        0.0011178135557301974,
        -0.0010037401200761612,
        -8.420506523416487e-05,
        -0.0038975910768080614,
        -0.0013330157868270721,
        3.2529764012630904e-05,
        0.00021609831118497359,
        0.0,
        0.0015421621275059643
    ],
    "bias": -0.0017353711758697206
}