{
    "feature_names": [
        "PM2.5",
        "PM10",
        "NO2",
        "NOx",
        "SO2",
        "CH4",
        "CO",
        "RH",
        "AMB_TEMP",
        "RAINFALL",
        "WIND_SPEED"
    ],
    "weights": [
        0.9997058165750279,
        0.00019818833940990515,
        0.0032686781700056104,
        -0.003007061491653088,
        0.0008131546837224655,
        -0.004306561514387911,
        -0.0013809635043835347,
        -8.892955944604075e-05,
        0.0004978804841295508,
        0.0,
        0.0037330627847640715
    ],
    "bias": -0.0018888025478627209
}