{
    "feature_names": [
        "PM2.5",
        "PM10",
        "NO2",
        "NOx",
        "SO2",
        "CH4",
        "CO",
        "RH",
        "AMB_TEMP",
        "RAINFALL",
        "WIND_SPEED"
    ],
    "weights": [
        0.9999801497390189,
        3.9665213718091e-05,
        1.3177399142863044e-05,
        -6.6260525477633985e-06,
        8.653012265535521e-06,
        -0.002508947912492655,
        -0.0009707623684886877,
        6.332691939505138e-05,
        6.056940922987167e-05,
        0.0,
        0.0002630496154051191
    ],
    "bias": -0.0011176331346938507
}