{
    "feature_names": [
        "PM2.5",
        "PM10",
        "NO2",
        "NOx",
        "SO2",
        "CH4",
        "CO",
        "RH",
        "AMB_TEMP",
        "RAINFALL",
        "WIND_SPEED"
    ],
    "weights": [
        0.9999812775619579,
        3.783338704422534e-05,
        6.369483122621629e-06,
        -6.368762543076534e-07,
        1.0060217561398054e-05,
        -0.00240695524947889,
        -0.000942313092712657,
        6.112422462108382e-05,
        5.745335605820437e-05,
        0.0,
        0.0002458598313421377
    ],
    "bias": -0.0010715074881355799
}