{
    "feature_names": [
        "PM2.5",
        "PM10",
        "NO2",
        "NOx",
        "SO2",
        "CH4",
        "CO",
        "RH",
        "AMB_TEMP",
        "RAINFALL",
        "WIND_SPEED"
    ],
    "weights": [
        0.999991080066085,
        1.856809792160358e-05,
        -3.8101170658531508e-06,
        7.221094656216429e-06,
        8.844400653193794e-06,
        -0.0011778460646887294,
        -0.0005970707255790439,
        3.0296465728446215e-05,
        2.75425450980072e-05,
        0.0,
        0.00011378633584585059
    ],
    "bias": -0.0005150986981232164
}