{
    "feature_names": [
        "AMB_TEMP",
        "CH4",
        "CO",
        "NMHC",
        "NO",
        "NO2",
        "NOx",
        "O3",
        "PM10",
        "PM2.5",
        "RAINFALL",
        "RH",
        "SO2",
        "THC",
        "WD_HR",
        "WIND_DIREC",
        "WIND_SPEED",
        "WS_HR"
    ],
    "weights": [
        -0.006391138171532621,
        -0.0007480322083864158,
        -7.492173825459408e-05,
        0.0015338793348131255,
        -0.006055718941224362,
        0.002749108626977897,
        -0.0009467170692751334,
        0.002450257989794327,
        0.0016581993605487622,
        0.9978069666375378,
        0.0,
        -0.0005579707201018573,
        0.010668356476325575,
        0.0007858471264266942,
        5.622191246704117e-05,
        -7.59977564031788e-05,
        0.019639985471837172,
        -0.01733891192602394
    ],
    "bias": -0.00017326559029919058
}