{
    "feature_names": [
        "AMB_TEMP",
        "CH4",
        "CO",
        "NMHC",
        "NO",
        "NO2",
        "NOx",
        "O3",
        "PM10",
        "PM2.5",
        "RAINFALL",
        "RH",
        "SO2",
        "THC",
        "WD_HR",
        "WIND_DIREC",
        "WIND_SPEED",
        "WS_HR"
    ],
    "weights": [
        -0.03052489694196866,
        -0.002150660088008213,
        -0.00018644392708194182,
        0.001386154935369198,
        -0.018300840041149923,
        0.012889009400657332,
        -0.002249244384601269,
        0.011937752214663052,
        0.005507463318098362,
        0.9929077238578679,
        0.0,
        -0.0032532191260825974,
        0.030962387066360897,
        -0.0007645051526389808,
        0.0005744729972411088,
        0.00027169484383266174,
        0.03293753559170865,
        -0.008603266866072112
    ],
    "bias": -0.0006426825361073347
}