{
    "feature_names": [
        "AMB_TEMP",
        "CH4",
        "CO",
        "NMHC",
        "NO",
        "NO2",
        "NOx",
        "O3",
        "PM10",
        "PM2.5",
        "RAINFALL",
        "RH",
        "SO2",
        "THC",
        "WD_HR",
        "WIND_DIREC",
        "WIND_SPEED",
        "WS_HR"
    ],
    "weights": [
        -0.013357061300632344,
        -0.0012364233661313249,
        -0.00014441717632936808,
        0.0014728698155557168,
        -0.009097979895869008,
        0.00545281983706561,
        -0.0010251866525180198,
        0.005220259060668075,
        0.0024991056411527326,
        0.9965661719690853,
        0.0,
        -0.0012587072079064047,
        0.01610306356284581,
        0.00023644644942440087,
        0.00014961382898891855,
        5.818222452202421e-06,
        0.02447161362079622,
        -0.01536695298693513
    ],
    "bias": -0.0003542269944428388
}