{
    "feature_names": [
        "AMB_TEMP",
        "CH4",
        "CO",
        "NMHC",
        "NO",
        "NO2",
        "NOx",
        "O3",
        "PM10",
        "PM2.5",
        "RAINFALL",
        "RH",
        "SO2",
        "THC",
        "WD_HR",
        "WIND_DIREC",
        "WIND_SPEED",
        "WS_HR"
    ],
    "weights": [
        -0.0038648961399417505,
        -0.0005064534645017921,
        -2.7359771658649746e-05,
        0.0015667024532404407,
        -0.0049627350684005485,
        0.0017817267585233808,
        -0.0009229389060372497,
        0.001453467176320427,
        0.0013389572316266254,
        0.9982520712493886,
        0.0,
        -0.00031652413304269345,
        0.008929934692026124,
        0.0010602489887386473,
        2.0753116262012905e-05,
        -0.00010130648165960525,
        0.01759582497702506,
        -0.017589320372793028
    ],
    "bias": -7.394022394783264e-05
}