{
    "feature_names": [
        "AMB_TEMP",
        "CH4",
        "CO",
        "NMHC",
        "NO",
        "NO2",
        "NOx",
        "O3",
        "PM10",
        "PM2.5",
        "RAINFALL",
        "RH",
        "SO2",
        "THC",
        "WD_HR",
        "WIND_DIREC",
        "WIND_SPEED",
        "WS_HR"
    ],
    "weights": [
        -0.0351493587425208,
        -0.0024707860056595223,
        -0.00020024165393684427,
        0.00136530096724188,
        -0.022440639954247773,
        0.015581466047006439,
        -0.0035869025638908605,
        0.01358148541517862,
        0.007372551891465232,
        0.9913485846223873,
        0.0,
        -0.003989117906894371,
        0.03484456308111628,
        -0.0011054850384176217,
        0.0009031802129872736,
        0.00038455077459258804,
        0.03324707534272362,
        -0.007528939887630692
    ],
    "bias": -0.0007542112878798964
}