{
    "feature_names": [
        "AMB_TEMP",
        "CH4",
        "CO",
        "NMHC",
        "NO",
        "NO2",
        "NOx",
        "O3",
        "PM10",
        "PM2.5",
        "RAINFALL",
        "RH",
        "SO2",
        "THC",
        "WD_HR",
        "WIND_DIREC",
        "WIND_SPEED",
        "WS_HR"
    ],
    "weights": [
        -0.0026214710358505766,
        -0.00036207266526925924,
        4.4878118249423734e-06,
        0.0015869939614379105,
        -0.004424098816655784,
        0.0013079221588459945,
        -0.0009099190422224522,
        0.0009657260168399993,
        0.0011748913977885655,
        0.9984711189571568,
        0.0,
        -0.00020214473936750924,
        0.008150031438658263,
        0.0012249212961686568,
        2.5567129348103405e-06,
        -0.00011209943329926622,
        0.016471896439793413,
        -0.017529636537737644
    ],
    "bias": -1.1829359234306378e-05
}