{
    "feature_names": [
        "AMB_TEMP",
        "CH4",
        "CO",
        "NMHC",
        "NO",
        "NO2",
        "NOx",
        "O3",
        "PM10",
        "PM2.5",
        "RAINFALL",
        "RH",
        "SO2",
        "THC",
        "WD_HR",
        "WIND_DIREC",
        "WIND_SPEED",
        "WS_HR"
    ],
    "weights": [
        -0.02022869475585625,
        -0.0016067117685567454,
        -0.00017091699205532544,
        0.0014325720986389705,
        -0.012243433547100405,
        0.008200133769391603,
        -0.0011886833754640072,
        0.007957463714279725,
        0.003374296575494617,
        0.9952887609835124,
        0.0,
        -0.001987783720761956,
        0.021953865406107814,
        -0.0001741396699177602,
        0.0002526163970717263,
        9.723673831234703e-05,
        0.02860146892927108,
        -0.01262596851383452
    ],
    "bias": -0.00047368311000552766
}