{
    "feature_names": [
        "AMB_TEMP",
        "CH4",
        "CO",
        "NMHC",
        "NO",
        "NO2",
        "NOx",
        "O3",
        "PM10",
        "PM2.5",
        "RAINFALL",
        "RH",
        "SO2",
        "THC",
        "WD_HR",
        "WIND_DIREC",
        "WIND_SPEED",
        "WS_HR"
    ],
    "weights": [
        -0.05888763973513697,
        -0.0058146513112120315,
        -0.0005717089815648055,
        0.0011690490297021343,
        -0.07055213355394788,
        0.03633668220895956,
        -0.03089624126752492,
        0.015383244620656862,
        0.040496872238468415,
        0.9695613994378055,
        0.0,
        -0.009565701454184299,
        0.04772592886402679,
        -0.004645602281509911,
        0.006077422889307293,
        0.0020135397862174956,
        0.0034611886465326317,
        -0.019393757325579145
    ],
    "bias": -0.0021680744695159924
}