{
    "feature_names": [
        "AMB_TEMP",
        "CH4",
        "CO",
        "NMHC",
        "NO",
        "NO2",
        "NOx",
        "O3",
        "PM10",
        "PM2.5",
        "RAINFALL",
        "RH",
        "SO2",
        "THC",
        "WD_HR",
        "WIND_DIREC",
        "WIND_SPEED",
        "WS_HR"
    ],
    "weights": [
        -0.023191045025357095,
        -0.0017549604916756363,
        -0.0001762065973562687,
        0.0014182863451994176,
        -0.013728975186801098,
        0.009441685915115287,
        -0.0013376990471471403,
        0.009127672001463877,
        0.003826240173822719,
        0.9946926927788818,
        0.0,
        -0.002320547490461269,
        0.024547936380743342,
        -0.00033667414647619394,
        0.00031233439097391264,
        0.00014086342281966992,
        0.03016523364147215,
        -0.011376448687436074
    ],
    "bias": -0.0005187591384315368
}