{
    "feature_names": [
        "AMB_TEMP",
        "CH4",
        "CO",
        "NMHC",
        "NO",
        "NO2",
        "NOx",
        "O3",
        "PM10",
        "PM2.5",
        "RAINFALL",
        "RH",
        "SO2",
        "THC",
        "WD_HR",
        "WIND_DIREC",
        "WIND_SPEED",
        "WS_HR"
    ],
    "weights": [
        -0.02659061862095688,
        -0.0019287695197815155,
        -0.0001805570268398642,
        0.0014031145769405364,
        -0.015637657209481303,
        0.010952281982929612,
        -0.0016324372982570495,
        0.010451305596810687,
        0.004471785123924515,
        0.9939380086909758,
        0.0,
        -0.002727739635449357,
        0.027537249559222376,
        -0.0005256549428409567,
        0.0004066769202934363,
        0.00019629841572956224,
        0.03169900386296764,
        -0.009994394782055275
    ],
    "bias": -0.0005717845673968855
}