{
    "feature_names": [
        "AMB_TEMP",
        "CH4",
        "CO",
        "NMHC",
        "NO",
        "NO2",
        "NOx",
        "O3",
        "PM10",
        "PM2.5",
        "RAINFALL",
        "RH",
        "SO2",
        "THC",
        "WD_HR",
        "WIND_DIREC",
        "WIND_SPEED",
        "WS_HR"
    ],
    "weights": [
        -0.040742057500194606,
        -0.003001825001929882,
        -0.00023729891771753604,
        0.001335688418693798,
        -0.029661251607664984,
        0.019745022991641752,
        -0.0065502214636158455,
        0.015337835294346798,
        0.011058612787782942,
        0.9886980251209285,
        0.0,
        -0.00513546164214626,
        0.03915021533752715,
        -0.0016661365832360655,
        0.0015904389005364345,
        0.000573597980239115,
        0.031153173346959204,
        -0.0075631644384202236
    ],
    "bias": -0.0009582753369203269
}