{
    "feature_names": [
        "AMB_TEMP",
        "CH4",
        "CO",
        "NMHC",
        "NO",
        "NO2",
        "NOx",
        "O3",
        "PM10",
        "PM2.5",
        "RAINFALL",
        "RH",
        "SO2",
        "THC",
        "WD_HR",
        "WIND_DIREC",
        "WIND_SPEED",
        "WS_HR"
    ],
    "weights": [
        -0.004607329059928656,
        -0.0005834186739945107,
        -4.334195224109139e-05,
        0.0015560815967406152,
        -0.0052838607680100675,
        0.0020653146569743846,
        -0.000930064680631956,
        0.001745714170099701,
        0.00143437042903958,
        0.9981213721360045,
        0.0,
        -0.0003864102157753937,
        0.009421920717667997,
        0.0009726629227461079,
        3.1354887895939936e-05,
        -9.425987238365072e-05,
        0.018223853657817042,
        -0.017558636933872482
    ],
    "bias": -0.00010623501720189761
}