{
    "feature_names": [
        "AMB_TEMP",
        "CH4",
        "CO",
        "NMHC",
        "NO",
        "NO2",
        "NOx",
        "O3",
        "PM10",
        "PM2.5",
        "RAINFALL",
        "RH",
        "SO2",
        "THC",
        "WD_HR",
        "WIND_DIREC",
        "WIND_SPEED",
        "WS_HR"
    ],
    "weights": [
        -0.003206282463513544,
        -0.00043273949246554417,
        -1.1388744388972173e-05,
        0.0015770054396512165,
        -0.0046776494248724244,
        0.001530607760614221,
        -0.0009162867433995062,
        0.0011948234007635597,
        0.001252825104288066,
        0.9983680376514869,
        0.0,
        -0.0002554723522474438,
        0.008509332241173145,
        0.0011442659471856697,
        1.1191670229716046e-05,
        -0.00010720283526369123,
        0.01701347067801811,
        -0.017577506510260833
    ],
    "bias": -4.2470786115432215e-05
}