{
    "feature_names": [
        "AMB_TEMP",
        "CH4",
        "CO",
        "NMHC",
        "NO",
        "NO2",
        "NOx",
        "O3",
        "PM10",
        "PM2.5",
        "RAINFALL",
        "RH",
        "SO2",
        "THC",
        "WD_HR",
        "WIND_DIREC",
        "WIND_SPEED",
        "WS_HR"
    ],
    "weights": [
        -0.007460638634951881,
        -0.0008362139725351681,
        -9.026010956729319e-05,
        0.0015222985247840626,
        -0.006519286554797107,
        0.003160752470611831,
        -0.0009568925269451338,
        0.002873950629652344,
        0.0017897111191989654,
        0.9976180023679259,
        0.0,
        -0.0006627922128800078,
        0.011451685841727755,
        0.0006860845522488773,
        7.081526369774373e-05,
        -6.435352280566554e-05,
        0.02044161931121992,
        -0.01713144128740926
    ],
    "bias": -0.0002079702255475369
}