{
    "feature_names": [
        "AMB_TEMP",
        "CH4",
        "CO",
        "NMHC",
        "NO",
        "NO2",
        "NOx",
        "O3",
        "PM10",
        "PM2.5",
        "RAINFALL",
        "RH",
        "SO2",
        "THC",
        "WD_HR",
        "WIND_DIREC",
        "WIND_SPEED",
        "WS_HR"
    ],
    "weights": [
        -0.010041166296244764,
        -0.0010259429260400608,
        -0.00011920543570941147,
        0.0014981932613029865,
        -0.007641916602256342,
        0.004159027755803019,
        -0.0009834362153705993,
        0.0038991131970942646,
        0.0021018621469150096,
        0.9971601198905152,
        0.0,
        -0.0009202856853902881,
        0.013427993734259952,
        0.000472250335262927,
        0.0001054112611283003,
        -3.4700846940999e-05,
        0.022272665013148084,
        -0.01646452826689209
    ],
    "bias": -0.0002796449579095389
}