{
    "feature_names": [
        "AMB_TEMP",
        "CH4",
        "CO",
        "NMHC",
        "NO",
        "NO2",
        "NOx",
        "O3",
        "PM10",
        "PM2.5",
        "RAINFALL",
        "RH",
        "SO2",
        "THC",
        "WD_HR",
        "WIND_DIREC",
        "WIND_SPEED",
        "WS_HR"
    ],
    "weights": [
        -0.011594573719104263,
        -0.001128313613303518,
        -0.0001323987200141647,
        0.001485680536452872,
        -0.008321608539656602,
        0.004763465848522186,
        -0.0010015700260519063,
        0.004517655642252427,
        0.0022879101649505478,
        0.9968828268538031,
        0.0,
        -0.0010778600624505032,
        0.014665076812044873,
        0.00035736692314935976,
        0.00012605497208836242,
        -1.60139113556101e-05,
        0.02332106167878232,
        -0.015977508410738684
    ],
    "bias": -0.0003165714091487909
}