{
    "feature_names": [
        "AMB_TEMP",
        "CH4",
        "CO",
        "NMHC",
        "NO",
        "NO2",
        "NOx",
        "O3",
        "PM10",
        "PM2.5",
        "RAINFALL",
        "RH",
        "SO2",
        "THC",
        "WD_HR",
        "WIND_DIREC",
        "WIND_SPEED",
        "WS_HR"
    ],
    "weights": [
        -0.002101700711231173,
        -0.00029426798589741684,
        2.0200781827870388e-05,
        0.0015966724898956984,
        -0.0041981589509944425,
        0.0011101513225935077,
        -0.0009036807018564116,
        0.000762628723686358,
        0.0011042103567525728,
        0.998562924751122,
        0.0,
        -0.00015557342991305535,
        0.007843298478546066,
        0.0013024045039982835,
        -5.251502363011887e-06,
        -0.0001161272704142605,
        0.015966802522312723,
        -0.017451287681054514
    ],
    "bias": 1.798552447147204e-05
}