{
    "feature_names": [
        "AMB_TEMP",
        "CH4",
        "CO",
        "NMHC",
        "NO",
        "NO2",
        "NOx",
        "O3",
        "PM10",
        "PM2.5",
        "RAINFALL",
        "RH",
        "SO2",
        "THC",
        "WD_HR",
        "WIND_DIREC",
        "WIND_SPEED",
        "WS_HR"
    ],
    "weights": [
        -4.588977662705564e-05,
        -7.830555692182219e-05,
        -2.9716475469928924e-06,
        0.0018670512365344925,
        -0.0009328468602086472,
        -0.0009304695355659558,
        0.0008945437326283255,
        5.44603714976848e-06,
        1.4364485314781921e-06,
        0.9999791726939246,
        0.0,
        -3.537419240066948e-05,
        0.00018953876899873744,
        0.001788745679613067,
        -6.221104676331405e-06,
        2.2223788715679278e-06,
        0.00013648710827827117,
        -0.0004740090329581868
    ],
    "bias": 0.000197619674304865
}