{
    "feature_names": [
        "AMB_TEMP",
        "CH4",
        "CO",
        "NMHC",
        "NO",
        "NO2",
        "NOx",
        "O3",
        "PM10",
        "PM2.5",
        "RAINFALL",
        "RH",
        "SO2",
        "THC",
        "WD_HR",
        "WIND_DIREC",
        "WIND_SPEED",
        "WS_HR"
    ],
    "weights": [
        -5.198850648434278e-05,
        0.0004481894885551733,
        0.00011817507151414432,
        0.0018823696334276858,
        -0.000984576226243843,
        -0.0009630930455094814,
        0.0008977884254737571,
        -1.6813972595575239e-06,
        3.581807232350288e-06,
        0.9999641653368553,
        0.0,
        -5.411609411768674e-05,
        0.00037658275980540596,
        0.0023305591219830463,
        -1.1483125012596617e-05,
        1.806931071928933e-06,
        0.0003142754524753077,
        -0.0008954168965514173
    ],
    "bias": 0.0004337507956525499
}