{
    "feature_names": [
        "AMB_TEMP",
        "CH4",
        "CO",
        "NMHC",
        "NO",
        "NO2",
        "NOx",
        "O3",
        "PM10",
        "PM2.5",
        "RAINFALL",
        "RH",
        "SO2",
        "THC",
        "WD_HR",
        "WIND_DIREC",
        "WIND_SPEED",
        "WS_HR"
    ],
    "weights": [
        -2.2644208752831416e-05,
        -0.0003421868229999812,
        -6.061824211183571e-05,
        0.0018578641480236926,
        -0.0008979258420359815,
        -0.0008999790411677197,
        0.0008690673105694817,
        1.4734035560501695e-06,
        1.345543289941268e-06,
        0.9999840320077901,
        0.0,
        -2.4222162852665055e-05,
        0.00013553955218275387,
        0.0015156773250241823,
        -4.123032408900054e-06,
        1.7395707696630381e-06,
        8.851364531662419e-05,
        -0.0003232450760626044
    ],
    "bias": 7.895768993127686e-05
}