{
    "feature_names": [
        "AMB_TEMP",
        "CH4",
        "CO",
        "NMHC",
        "NO",
        "NO2",
        "NOx",
        "O3",
        "PM10",
        "PM2.5",
        "RAINFALL",
        "RH",
        "SO2",
        "THC",
        "WD_HR",
        "WIND_DIREC",
        "WIND_SPEED",
        "WS_HR"
    ],
    "weights": [
        -4.181795701953503e-05,
        0.0005502545861365708,
        0.00014252164805451245,
        0.0018849149692175093,
        -0.000994881110078192,
        -0.0009668603629491889,
        0.0008904821931881692,
        -7.292725415934611e-06,
        4.513215186132295e-06,
        0.9999597942837978,
        0.0,
        -5.679177012420213e-05,
        0.0004347896560166611,
        0.0024351695553541967,
        -1.2810845497700389e-05,
        1.3500564538456532e-06,
        0.00037107453994729477,
        -0.0010100400435922026
    ],
    "bias": 0.00047939505360035676
}