{
    "feature_names": [
        "AMB_TEMP",
        "CH4",
        "CO",
        "NMHC",
        "NO",
        "NO2",
        "NOx",
        "O3",
        "PM10",
        "PM2.5",
        "RAINFALL",
        "RH",
        "SO2",
        "THC",
        "WD_HR",
        "WIND_DIREC",
        "WIND_SPEED",
        "WS_HR"
    ],
    "weights": [
        0.0006339740563680915,
        0.0014087852146981517,
        0.0003760230389224075,
        0.0018906980502417705,
        -0.0012044483461906771,
        -0.0009648147782196737,
        0.0005158155234809183,
        -0.000274424643907593,
        4.10326795096504e-05,
        0.9998449225322295,
        0.0,
        -2.97964360572174e-05,
        0.0020692078071839577,
        0.0032994832649402856,
        -4.008835769168238e-05,
        -2.2260598186148087e-05,
        0.0020390933178270902,
        -0.0037208746845291225
    ],
    "bias": 0.0008569662161729012
}