{
    "feature_names": [
        "AMB_TEMP",
        "CH4",
        "CO",
        "NMHC",
        "NO",
        "NO2",
        "NOx",
        "O3",
        "PM10",
        "PM2.5",
        "RAINFALL",
        "RH",
        "SO2",
        "THC",
        "WD_HR",
        "WIND_DIREC",
        "WIND_SPEED",
        "WS_HR"
    ],
    "weights": [
        -3.640384952222797e-05,
        -0.00019635516635107294,
        -2.908746865136411e-05,
        0.0018631051015632254,
        -0.0009187775667641581,
        -0.000918628427377703,
        0.0008854026155841975,
        4.012927203561598e-06,
        1.3429398588294228e-06,
        0.9999814746961752,
        0.0,
        -3.0471589378820694e-05,
        0.00016349693303214686,
        0.001666749935212585,
        -5.259075366001705e-06,
        2.0403066617200272e-06,
        0.00011299157267963916,
        -0.0004035993078990934
    ],
    "bias": 0.0001445589596328642
}