{
    "feature_names": [
        "AMB_TEMP",
        "CH4",
        "CO",
        "NMHC",
        "NO",
        "NO2",
        "NOx",
        "O3",
        "PM10",
        "PM2.5",
        "RAINFALL",
        "RH",
        "SO2",
        "THC",
        "WD_HR",
        "WIND_DIREC",
        "WIND_SPEED",
        "WS_HR"
    ],
    "weights": [
        0.0010513423312142286,
        0.0014730141022318139,
        0.00041015179833948153,
        0.0018801567797970427,
        -0.001319634700083791,
        -0.000944527471192683,
        0.00029084517869715833,
        -0.00043170744999907135,
        6.722317824338074e-05,
        0.9997817431618938,
        0.0,
        3.6290444407277573e-06,
        0.0029281444178139524,
        0.0033531708820292074,
        -5.2226538385177787e-05,
        -3.725093516637529e-05,
        0.002999153853231406,
        -0.005128226864433008
    ],
    "bias": 0.0008805904418166785
}