{
    "feature_names": [
        "AMB_TEMP",
        "CH4",
        "CO",
        "NMHC",
        "NO",
        "NO2",
        "NOx",
        "O3",
        "PM10",
        "PM2.5",
        "RAINFALL",
        "RH",
        "SO2",
        "THC",
        "WD_HR",
        "WIND_DIREC",
        "WIND_SPEED",
        "WS_HR"
    ],
    "weights": [
        -5.422303197756428e-05,
        5.9041375319609795e-05,
        2.79379344411002e-05,
        0.0018713855339394395,
        -0.0009473121893604441,
        -0.0009416453574789898,
        0.0009012670544666651,
        6.1014020220068115e-06,
        1.6821060488908367e-06,
        0.9999761331568913,
        0.0,
        -4.083865073946574e-05,
        0.0002252134162044755,
        0.001930426909259454,
        -7.4120322237852385e-06,
        2.3400658087155932e-06,
        0.000169437328918798,
        -0.0005641633921323052
    ],
    "bias": 0.0002593065702223289
}