{
    "feature_names": [
        "AMB_TEMP",
        "CH4",
        "CO",
        "NMHC",
        "NO",
        "NO2",
        "NOx",
        "O3",
        "PM10",
        "PM2.5",
        "RAINFALL",
        "RH",
        "SO2",
        "THC",
        "WD_HR",
        "WIND_DIREC",
        "WIND_SPEED",
        "WS_HR"
    ],
    "weights": [
        -2.0522689730978902e-05,
        -0.00036328803184990815,
        -6.509613144174743e-05,
        0.00185706251600236,
        -0.000894459508329951,
        -0.0008967935297438419,
        0.0008661478386418695,
        1.056200896971217e-06,
        1.3551220623150289e-06,
        0.9999843822004273,
        0.0,
        -2.3304184470919418e-05,
        0.00013178079452772965,
        0.001493774484152911,
        -3.961810919877563e-06,
        1.6906791520781199e-06,
        8.529692235653287e-05,
        -0.0003120872491469736
    ],
    "bias": 6.946012060993553e-05
}