{
    "feature_names": [
        "AMB_TEMP",
        "CH4",
        "CO",
        "NMHC",
        "NO",
        "NO2",
        "NOx",
        "O3",
        "PM10",
        "PM2.5",
        "RAINFALL",
        "RH",
        "SO2",
        "THC",
        "WD_HR",
        "WIND_DIREC",
        "WIND_SPEED",
        "WS_HR"
    ],
    "weights": [
        -4.762321606747719e-05,
        0.0004985436119847126,
        0.00013014719756176922,
        0.0018836450751932513,
        -0.0009895805307314964,
        -0.0009650343779196149,
        0.0008945746829490403,
        -4.206864274580883e-06,
        4.012093555630579e-06,
        0.9999620924976595,
        0.0,
        -5.5490813184184675e-05,
        0.00040404277390873697,
        0.0023821886871781,
        -1.2120429885868521e-05,
        1.60301989931494e-06,
        0.00034102266576339294,
        -0.000950085845528167
    ],
    "bias": 0.0004562765860230261
}