{
    "feature_names": [
        "AMB_TEMP",
        "CH4",
        "CO",
        "NMHC",
        "NO",
        "NO2",
        "NOx",
        "O3",
        "PM10",
        "PM2.5",
        "RAINFALL",
        "RH",
        "SO2",
        "THC",
        "WD_HR",
        "WIND_DIREC",
        "WIND_SPEED",
        "WS_HR"
    ],
    "weights": [
        0.0008953445635973635,
        0.0014620438931941867,
        0.0004004857158635936,
        0.0018847021737005737,
        -0.001275026735650825,
        -0.0009533975968268011,
        0.0003759101791911093,
        -0.00037305671016883674,
        5.663728575452891e-05,
        0.9998058869338943,
        0.0,
        -9.41948819603237e-06,
        0.002608116571977295,
        0.003346746066895121,
        -4.781106924480828e-05,
        -3.151899673777909e-05,
        0.002630460987126213,
        -0.004594889444717033
    ],
    "bias": 0.0008777109555358594
}