{
    "feature_names": [
        "AMB_TEMP",
        "CH4",
        "CO",
        "NMHC",
        "NO",
        "NO2",
        "NOx",
        "O3",
        "PM10",
        "PM2.5",
        "RAINFALL",
        "RH",
        "SO2",
        "THC",
        "WD_HR",
        "WIND_DIREC",
        "WIND_SPEED",
        "WS_HR"
    ],
    "weights": [
        0.00017557952089624748,
        0.0011159640936597957,
        0.00028581221777659107,
        0.001894713000711074,
        -0.0010806958723080598,
        -0.000975885116948846,
        0.0007621422110531917,
        -9.834201730895895e-05,
        1.6970950803749063e-05,
        0.9999148297751776,
        0.0,
        -5.8162266565138964e-05,
        0.0010675147536288894,
        0.00301067709437119,
        -2.4554803163616207e-05,
        -6.490257386352572e-06,
        0.0010016773610064876,
        -0.0021108348824006654
    ],
    "bias": 0.0007306916069288865
}