{
    "feature_names": [
        "AMB_TEMP",
        "CH4",
        "CO",
        "NMHC",
        "NO",
        "NO2",
        "NOx",
        "O3",
        "PM10",
        "PM2.5",
        "RAINFALL",
        "RH",
        "SO2",
        "THC",
        "WD_HR",
        "WIND_DIREC",
        "WIND_SPEED",
        "WS_HR"
    ],
    "weights": [
        9.655808269997547e-05,
        0.00100062199338025,
        0.0002549189439827142,
        0.0018936028061274186,
        -0.0010561516104176318,
        -0.0009758643045108649,
        0.0008065083097984361,
        -6.685929833532285e-05,
        1.2830506011810223e-05,
        0.9999284970063775,
        0.0,
        -6.078245860242854e-05,
        0.0008716001398357258,
        0.0028942247995079624,
        -2.1214483777269266e-05,
        -3.7440979786981508e-06,
        0.0008045982747096387,
        -0.0017855360345794644
    ],
    "bias": 0.0006798180688286037
}