{
    "feature_names": [
        "AMB_TEMP",
        "CH4",
        "CO",
        "NMHC",
        "NO",
        "NO2",
        "NOx",
        "O3",
        "PM10",
        "PM2.5",
        "RAINFALL",
        "RH",
        "SO2",
        "THC",
        "WD_HR",
        "WIND_DIREC",
        "WIND_SPEED",
        "WS_HR"
    ],
    "weights": [
        0.0014101557570791474,
        0.0014497725432674317,
        0.00042095578309644894,
        0.0018664774220641838,
        -0.0014358322778738968,
        -0.0009153917170587001,
        8.575129285783987e-05,
        -0.0005664644063130387,
        9.760782851930973e-05,
        0.9997209265058783,
        0.0,
        3.611535901102242e-05,
        0.0036750512699172525,
        0.0033162499653318998,
        -6.19805222970411e-05,
        -5.144156867199623e-05,
        0.003936058944707808,
        -0.006447875933072518
    ],
    "bias": 0.0008646942898719997
}