{
    "feature_names": [
        "AMB_TEMP",
        "CH4",
        "CO",
        "NMHC",
        "NO",
        "NO2",
        "NOx",
        "O3",
        "PM10",
        "PM2.5",
        "RAINFALL",
        "RH",
        "SO2",
        "THC",
        "WD_HR",
        "WIND_DIREC",
        "WIND_SPEED",
        "WS_HR"
    ],
    "weights": [
        -5.888054139613265e-05,
        0.00021775703738010577,
        6.42734428240356e-05,
        0.0018760943719349063,
        -0.0009626609601972783,
        -0.0009519357286070451,
        0.0009040336454171267,
        5.002589961348144e-06,
        2.2022100694388836e-06,
        0.9999719707550792,
        0.0,
        -4.672525178245465e-05,
        0.00027616342336855235,
        0.0020938514093154148,
        -8.921771679195536e-06,
        2.3078480407056457e-06,
        0.00021751571901799745,
        -0.0006830605616529071
    ],
    "bias": 0.00033052115604585204
}