{
    "feature_names": [
        "AMB_TEMP",
        "CH4",
        "CO",
        "NMHC",
        "NO",
        "NO2",
        "NOx",
        "O3",
        "PM10",
        "PM2.5",
        "RAINFALL",
        "RH",
        "SO2",
        "THC",
        "WD_HR",
        "WIND_DIREC",
        "WIND_SPEED",
        "WS_HR"
    ],
    "weights": [
        0.0020634854983730528,
        0.0010824984452127678,
        0.00036610538292226766,
        0.0018020741867677717,
        -0.0018813105774786567,
        -0.0007282585782707537,
        -0.00046215941907986295,
        -0.0008171281629685436,
        0.00025031242051358656,
        0.999511321792316,
        0.0,
        0.00011944661401036079,
        0.005413725277919791,
        0.0028845726319807227,
        -7.821713458104706e-05,
        -9.383401644507859e-05,
        0.0072021619437658045,
        -0.010686642028867705
    ],
    "bias": 0.0006777096593145539
}