{
    "feature_names": [
        "AMB_TEMP",
        "CH4",
        "CO",
        "NMHC",
        "NO",
        "NO2",
        "NOx",
        "O3",
        "PM10",
        "PM2.5",
        "RAINFALL",
        "RH",
        "SO2",
        "THC",
        "WD_HR",
        "WIND_DIREC",
        "WIND_SPEED",
        "WS_HR"
    ],
    "weights": [
        0.0017955659897553023,
        0.0013381055684761802,
        0.0004123649372059585,
        0.0018431498078685421,
        -0.0016074483642239074,
        -0.0008567425089232786,
        -0.00016874035180045637,
        -0.0007120029052465084,
        0.00015007322769397926,
        0.9996363070820591,
        0.0,
        7.66741828857096e-05,
        0.004541607733348908,
        0.003181255376344957,
        -7.189963216277113e-05,
        -7.004396208649098e-05,
        0.005254677002321037,
        -0.008225004291906085
    ],
    "bias": 0.0008061921824630376
}