{
    "feature_names": [
        "AMB_TEMP",
        "CH4",
        "CO",
        "NMHC",
        "NO",
        "NO2",
        "NOx",
        "O3",
        "PM10",
        "PM2.5",
        "RAINFALL",
        "RH",
        "SO2",
        "THC",
        "WD_HR",
        "WIND_DIREC",
        "WIND_SPEED",
        "WS_HR"
    ],
    "weights": [
        1.9127011416034203e-05,
        0.0008263551234312077,
        0.00021023011269306636,
        0.0018908630846906024,
        -0.0010279236311009365,
        -0.0009738790678610776,
        0.000851769300173433,
        -3.491797384775362e-05,
        8.530510271692557e-06,
        0.9999436832071869,
        0.0,
        -6.123364003241838e-05,
        0.0006565910287722875,
        0.0027172182081220838,
        -1.7312054327238867e-05,
        -9.85909692136072e-07,
        0.000590020565909455,
        -0.0014164361612620962
    ],
    "bias": 0.0006025149060932207
}