{
    "feature_names": [
        "AMB_TEMP",
        "CH4",
        "CO",
        "NMHC",
        "NO",
        "NO2",
        "NOx",
        "O3",
        "PM10",
        "PM2.5",
        "RAINFALL",
        "RH",
        "SO2",
        "THC",
        "WD_HR",
        "WIND_DIREC",
        "WIND_SPEED",
        "WS_HR"
    ],
    "weights": [
        -5.03205444930055e-05,
        -1.2182409016206127e-05,
        1.1844069991348855e-05,
        0.001869169604136294,
        -0.0009400070912705842,
        -0.0009361529439563625,
        0.0008982851996383685,
        5.918117285327673e-06,
        1.534227669375254e-06,
        0.9999777646686806,
        0.0,
        -3.804148961361283e-05,
        0.00020588821790571058,
        0.001856987195120479,
        -6.783272795431929e-06,
        2.293395725267265e-06,
        0.0001514955190815371,
        -0.0005161560980519826
    ],
    "bias": 0.00022732423278456216
}