{
    "feature_names": [
        "AMB_TEMP",
        "CH4",
        "CO",
        "NMHC",
        "NO",
        "NO2",
        "NOx",
        "O3",
        "PM10",
        "PM2.5",
        "RAINFALL",
        "RH",
        "SO2",
        "THC",
        "WD_HR",
        "WIND_DIREC",
        "WIND_SPEED",
        "WS_HR"
    ],
    "weights": [
        -1.8462164804445763e-05,
        -0.00038356029680060636,
        -6.937387421902772e-05,
        0.0018562797239900799,
        -0.0008909938883803625,
        -0.0008935905399664353,
        0.0008631877687143005,
        6.467316260873513e-07,
        1.3663238358082976e-06,
        0.9999847148505578,
        0.0,
        -2.2419566245904773e-05,
        0.0001282231304392398,
        0.0014727194271899001,
        -3.807413756302942e-06,
        1.6426519545291427e-06,
        8.227104124962982e-05,
        -0.0003014596762964352
    ],
    "bias": 6.033423182383092e-05
}