{
    "feature_names": [
        "AMB_TEMP",
        "CH4",
        "CO",
        "NMHC",
        "NO",
        "NO2",
        "NOx",
        "O3",
        "PM10",
        "PM2.5",
        "RAINFALL",
        "RH",
        "SO2",
        "THC",
        "WD_HR",
        "WIND_DIREC",
        "WIND_SPEED",
        "WS_HR"
    ],
    "weights": [
        -5.8478732018582053e-05,
        0.00030561062338303714,
        8.46597685733028e-05,
        0.0018785675168625274,
        -0.0009709321585561852,
        -0.0009566604153798902,
        0.0009031774797527483,
        3.2834566602577427e-06,
        2.6273888304267517e-06,
        0.9999692812297937,
        0.0,
        -4.9730607746577734e-05,
        0.0003101484477815337,
        0.0021841781402459058,
        -9.83796199313865e-06,
        2.190576341120878e-06,
        0.00025003266962485743,
        -0.000757573475983041
    ],
    "bias": 0.0003699035361264937
}