{
    "feature_names": [
        "AMB_TEMP",
        "CH4",
        "CO",
        "NMHC",
        "NO",
        "NO2",
        "NOx",
        "O3",
        "PM10",
        "PM2.5",
        "RAINFALL",
        "RH",
        "SO2",
        "THC",
        "WD_HR",
        "WIND_DIREC",
        "WIND_SPEED",
        "WS_HR"
    ],
    "weights": [
        0.001655493849803668,
        0.0005759440206669449,
        0.00024404598292227157,
        0.0017256867237233622,
        -0.0024216374691018202,
        -0.00037570711656956956,
        -0.000744177635076393,
        -0.0006757404418772391,
        0.00047427146873577184,
        0.9992840985060021,
        0.0,
        0.00012841257585300255,
        0.006082730340341091,
        0.002301630744390276,
        -6.898304706455858e-05,
        -0.0001207423169113352,
        0.010345297911798354,
        -0.014152347875801096
    ],
    "bias": 0.0004272666280414771
}