{
    "feature_names": [
        "AMB_TEMP",
        "CH4",
        "CO",
        "NMHC",
        "NO",
        "NO2",
        "NOx",
        "O3",
        "PM10",
        "PM2.5",
        "RAINFALL",
        "RH",
        "SO2",
        "THC",
        "WD_HR",
        "WIND_DIREC",
        "WIND_SPEED",
        "WS_HR"
    ],
    "weights": [
        -4.3560219400743094e-05,
        -0.00010953942363073392,
        -9.925211290264641e-06,
        0.0018660287212285073,
        -0.0009293049653406596,
        -0.0009275642913412959,
        0.000892441113010738,
        5.1344728132853655e-06,
        1.4021918388751832e-06,
        0.9999798062124987,
        0.0,
        -3.4093341321738655e-05,
        0.00018228602344121003,
        0.0017564892975982147,
        -5.96183636618581e-06,
        2.1806080188397404e-06,
        0.000129888129239312,
        -0.00045481996329131794
    ],
    "bias": 0.00018358435534856823
}