{
    "feature_names": [
        "AMB_TEMP",
        "CH4",
        "CO",
        "NMHC",
        "NO",
        "NO2",
        "NOx",
        "O3",
        "PM10",
        "PM2.5",
        "RAINFALL",
        "RH",
        "SO2",
        "THC",
        "WD_HR",
        "WIND_DIREC",
        "WIND_SPEED",
        "WS_HR"
    ],
    "weights": [
        -3.4021590418652565e-05,
        -0.00022311760059477766,
        -3.494098289416646e-05,
        0.0018621772363023295,
        -0.0009152902344293544,
        -0.0009155848943298097,
        0.0008828567065692638,
        3.60094541321884e-06,
        1.334452002203633e-06,
        0.9999819646960847,
        0.0,
        -2.9338806950236672e-05,
        0.0001580641897769142,
        0.0016390596357080311,
        -5.047007866774853e-06,
        1.9906462975758356e-06,
        0.00010816669400678346,
        -0.0003883700677521045
    ],
    "bias": 0.00013252462196622174
}