{
    "feature_names": [
        "AMB_TEMP",
        "CH4",
        "CO",
        "NMHC",
        "NO",
        "NO2",
        "NOx",
        "O3",
        "PM10",
        "PM2.5",
        "RAINFALL",
        "RH",
        "SO2",
        "THC",
        "WD_HR",
        "WIND_DIREC",
        "WIND_SPEED",
        "WS_HR"
    ],
    "weights": [
        -2.7057040100564256e-05,
        -0.00029737086353027374,
        -5.1030118202695385e-05,
        0.0018595265122212927,
        -0.0009048625145872814,
        -0.0009062911067256044,
        0.0008747637453756966,
        2.3238039896782727e-06,
        1.3325163549178847e-06,
        0.9999832734181053,
        0.0,
        -2.6161415527917368e-05,
        0.00014373458305898376,
        0.001562155648691487,
        -4.467603891690485e-06,
        1.8393361534311591e-06,
        9.559293295032328e-05,
        -0.0003472977266024732
    ],
    "bias": 9.912445193741855e-05
}