{
    "feature_names": [
        "AMB_TEMP",
        "CH4",
        "CO",
        "NMHC",
        "NO",
        "NO2",
        "NOx",
        "O3",
        "PM10",
        "PM2.5",
        "RAINFALL",
        "RH",
        "SO2",
        "THC",
        "WD_HR",
        "WIND_DIREC",
        "WIND_SPEED",
        "WS_HR"
    ],
    "weights": [
        -2.9339117272825224e-05,
        -0.0002735907710534637,
        -4.590331350427695e-05,
        0.001860388516651944,
        -0.0009083342909837617,
        -0.0009094141722766169,
        0.0008775287543507459,
        2.752380569533597e-06,
        1.329826011130988e-06,
        0.9999828618348974,
        0.0,
        -2.718414514223677e-05,
        0.00014821380966251036,
        0.0015867977455989342,
        -4.651873898824435e-06,
        1.8898151112965655e-06,
        9.949802543312365e-05,
        -0.00036027493031112225
    ],
    "bias": 0.00010982279795380963
}