{
    "feature_names": [
        "AMB_TEMP",
        "CH4",
        "CO",
        "NMHC",
        "NO",
        "NO2",
        "NOx",
        "O3",
        "PM10",
        "PM2.5",
        "RAINFALL",
        "RH",
        "SO2",
        "THC",
        "WD_HR",
        "WIND_DIREC",
        "WIND_SPEED",
        "WS_HR"
    ],
    "weights": [
        -5.826901744648171e-05,
        0.00017598044771404667,
        5.4647620659729896e-05,
        0.001874884933833536,
        -0.0009587001955898824,
        -0.0009494607145211307,
        0.0009038315338910129,
        5.520951994517554e-06,
        2.036768672967459e-06,
        0.9999731460767202,
        0.0,
        -4.5228166400666176e-05,
        0.00026155769604382196,
        0.0020508653815479714,
        -8.507810563729369e-06,
        2.3369067265524667e-06,
        0.00020363838582634745,
        -0.0006499644547530962
    ],
    "bias": 0.00031178417310463865
}