{
    "feature_names": [
        "AMB_TEMP",
        "CH4",
        "CO",
        "NMHC",
        "NO",
        "NO2",
        "NOx",
        "O3",
        "PM10",
        "PM2.5",
        "RAINFALL",
        "RH",
        "SO2",
        "THC",
        "WD_HR",
        "WIND_DIREC",
        "WIND_SPEED",
        "WS_HR"
    ],
    "weights": [
        -5.8985047583543434e-05,
        0.0002609635034235113,
        7.427494865628536e-05,
        0.0018773226573935912,
        -0.0009667314216055246,
        -0.000954337480322325,
        0.0009038340024232298,
        4.269699267848433e-06,
        2.39753687880157e-06,
        0.9999706869970848,
        0.0,
        -4.822882676000492e-05,
        0.0002922925293176594,
        0.0021382861608175243,
        -9.364176241309228e-06,
        2.260209337200169e-06,
        0.00023291197912989091,
        -0.0007188280231673635
    ],
    "bias": 0.0003498930212816203
}