{
    "feature_names": [
        "AMB_TEMP",
        "CH4",
        "CO",
        "NMHC",
        "NO",
        "NO2",
        "NOx",
        "O3",
        "PM10",
        "PM2.5",
        "RAINFALL",
        "RH",
        "SO2",
        "THC",
        "WD_HR",
        "WIND_DIREC",
        "WIND_SPEED",
        "WS_HR"
    ],
    "weights": [
        0.0004620449780176293,
        0.0001625716172674182,
        0.0001350598957854264,
        0.0016636946325141735,
        -0.0030533403575956192,
        0.00012732869459685127,
        -0.000847403820611242,
        -0.00022801275234294536,
        0.0007191419688397011,
        0.9990273208075721,
        0.0,
        5.5602756239840295e-05,
        0.0065579977254986085,
        0.0018262662497815735,
        -4.657605018066016e-05,
        -0.00012809962148125132,
        0.012868451574597727,
        -0.016188468385641377
    ],
    "bias": 0.00022783969688822646
}