{
    "feature_names": [
        "AMB_TEMP",
        "CH4",
        "CO",
        "NMHC",
        "NO",
        "NO2",
        "NOx",
        "O3",
        "PM10",
        "PM2.5",
        "RAINFALL",
        "RH",
        "SO2",
        "THC",
        "WD_HR",
        "WIND_DIREC",
        "WIND_SPEED",
        "WS_HR"
    ],
    "weights": [
        0.0002259493375938601,
        0.0011720896065960606,
        0.0003013971254010075,
        0.0018949503065617034,
        -0.0010952876133633535,
        -0.0009753947477522931,
        0.0007344148504055744,
        -0.00011810147425524827,
        1.956051391143575e-05,
        0.9999066068096468,
        0.0,
        -5.5889201730217125e-05,
        0.0011859334015347797,
        0.0030670399131580185,
        -2.6505557206385163e-05,
        -8.224732179797253e-06,
        0.0011215297660282036,
        -0.0023042906262199132
    ],
    "bias": 0.0007553198191974845
}