{
    "feature_names": [
        "AMB_TEMP",
        "CH4",
        "CO",
        "NMHC",
        "NO",
        "NO2",
        "NOx",
        "O3",
        "PM10",
        "PM2.5",
        "RAINFALL",
        "RH",
        "SO2",
        "THC",
        "WD_HR",
        "WIND_DIREC",
        "WIND_SPEED",
        "WS_HR"
    ],
    "weights": [
        0.0003539533073323376,
        0.0012781862085013318,
        0.00033235826575370034,
        0.0018945486198911146,
        -0.001130500471414675,
        -0.0009731176236178071,
        0.0006650962958512001,
        -0.00016767694973620766,
        2.611587859167394e-05,
        0.9998866520140661,
        0.0,
        -4.883800602441221e-05,
        0.0014736451942426539,
        0.003172734828392766,
        -3.108939761936391e-05,
        -1.2611979315741543e-05,
        0.0014153288535797173,
        -0.0027683912217045426
    ],
    "bias": 0.0008015174236621528
}