{
    "feature_names": [
        "SO2",
        "CH4",
        "CO",
        "AMB_TEMP",
        "RAINFALL",
        "WIND_SPEED"
    ],
    "weights": [
        6.823375886299948,
        0.1666605163820863,
        -9.440496570003361,
        -0.12306289175201227,
        0.0,
        0.20738876849158117
    ],
    "bias": 8.167430455449892
}