{
    "feature_names": [
        "SO2",
        "CH4",
        "CO",
        "AMB_TEMP",
        "RAINFALL",
        "WIND_SPEED"
    ],
    "weights": [
        6.69189039777114,
        1.5400063641972113,
        -5.953244996191576,
        -0.13382748486118892,
        0.0,
        0.17446753858577274
    ],
    "bias": 4.785714834157433
}