{
    "feature_names": [
        "SO2",
        "CH4",
        "CO",
        "AMB_TEMP",
        "RAINFALL",
        "WIND_SPEED"
    ],
    "weights": [
        6.711959555617315,
        1.3976147485452641,
        -6.472104206694793,
        -0.13182225383332058,
        0.0,
        0.1791181201090107
    ],
    "bias": 5.159209103842466
}