{
    "feature_names": [
        "SO2",
        "CH4",
        "CO",
        "AMB_TEMP",
        "RAINFALL",
        "WIND_SPEED"
    ],
    "weights": [
        6.8157506789769835,
        0.2998420993113247,
        -9.227578827980587,
        -0.12339872813071255,
        0.0,
        0.2051814832925344
    ],
    "bias": 7.857698225272147
}