{
    "feature_names": [
        "SO2",
        "CH4",
        "CO",
        "AMB_TEMP",
        "RAINFALL",
        "WIND_SPEED"
    ],
    "weights": [
        6.786762872537016,
        0.7041138051922121,
        -8.438513591021202,
        -0.1252251110830317,
        0.0,
        0.197358404911876
    ],
    "bias": 6.896751846881041
}