{
    "feature_names": [
        "SO2",
        "CH4",
        "CO",
        "AMB_TEMP",
        "RAINFALL",
        "WIND_SPEED"
    ],
    "weights": [
        6.761392295666978,
        0.9781835121349134,
        -7.763825093532888,
        -0.12725326924823938,
        0.0,
        0.19095559546192203
    ],
    "bias": 6.2249730654102535
}