{
    "feature_names": [
        "SO2",
        "CH4",
        "CO",
        "AMB_TEMP",
        "RAINFALL",
        "WIND_SPEED"
    ],
    "weights": [
        6.645374104268561,
        1.8293019968409685,
        -4.7587619487644055,
        -0.13869469347349223,
        0.0,
        0.1639152557448402
    ],
    "bias": 4.006487506034066
}