{
    "feature_names": [
        "SO2",
        "CH4",
        "CO",
        "AMB_TEMP",
        "RAINFALL",
        "WIND_SPEED"
    ],
    "weights": [
        6.807164924384451,
        0.4337738636467502,
        -8.991037661698815,
        -0.12386321339965738,
        0.0,
        0.20278538170399021
    ],
    "bias": 7.542960892380158
}