{
    "feature_names": [
        "SO2",
        "CH4",
        "CO",
        "AMB_TEMP",
        "RAINFALL",
        "WIND_SPEED"
    ],
    "weights": [
        6.774752565824678,
        0.8406475495706579,
        -8.117764452059365,
        -0.1261486475698818,
        0.0,
        0.1942895374476865
    ],
    "bias": 6.5643242908856765
}