{
    "feature_names": [
        "SO2",
        "CH4",
        "CO",
        "AMB_TEMP",
        "RAINFALL",
        "WIND_SPEED"
    ],
    "weights": [
        6.8301189411550505,
        0.03417835112108258,
        -9.631716819531915,
        -0.12284514825523565,
        0.0,
        0.20942258924667634
    ],
    "bias": 8.472543870303756
}