{
    "feature_names": [
        "SO2",
        "CH4",
        "CO",
        "AMB_TEMP",
        "RAINFALL",
        "WIND_SPEED"
    ],
    "weights": [
        6.521109792705845,
        2.4296317680626984,
        -1.6020680460433985,
        -0.15262568197287565,
        0.0,
        0.13668613955502965
    ],
    "bias": 2.2908693027985634
}