{
    "feature_names": [
        "SO2",
        "CH4",
        "CO",
        "AMB_TEMP",
        "RAINFALL",
        "WIND_SPEED"
    ],
    "weights": [
        6.669756288455341,
        1.6838626450676515,
        -5.383630501376535,
        -0.13611007845806483,
        0.0,
        0.16941187040900454
    ],
    "bias": 4.401774956345458
}