{
    "feature_names": [
        "SO2",
        "CH4",
        "CO",
        "AMB_TEMP",
        "RAINFALL",
        "WIND_SPEED"
    ],
    "weights": [
        6.556655961226185,
        2.276465167958927,
        -2.5014545500486385,
        -0.14854117292598268,
        0.0,
        0.144371806172001
    ],
    "bias": 2.74227943319355
}