{
    "feature_names": [
        "SO2",
        "CH4",
        "CO",
        "AMB_TEMP",
        "RAINFALL",
        "WIND_SPEED"
    ],
    "weights": [
        6.5890505117027125,
        2.125456823794412,
        -3.3232406640834276,
        -0.14487973344990904,
        0.0,
        0.1514395913528662
    ],
    "bias": 3.1778557750464724
}