{
    "feature_names": [
        "SO2",
        "CH4",
        "CO",
        "AMB_TEMP",
        "RAINFALL",
        "WIND_SPEED"
    ],
    "weights": [
        6.482952283951551,
        2.5834082014359305,
        -0.6182891140940058,
        -0.15697694154263295,
        0.0,
        0.12848829483135252
    ],
    "bias": 1.8214243353415485
}