{
    "feature_names": [
        "SO2",
        "CH4",
        "CO",
        "AMB_TEMP",
        "RAINFALL",
        "WIND_SPEED"
    ],
    "weights": [
        6.797533286310669,
        0.5685110564775958,
        -8.728776611465529,
        -0.12446783830302265,
        0.0,
        0.20018375251748552
    ],
    "bias": 7.222797990225021
}