{
    "feature_names": [
        "SO2",
        "CH4",
        "CO",
        "AMB_TEMP",
        "RAINFALL",
        "WIND_SPEED"
    ],
    "weights": [
        6.746562245561195,
        1.1167992101447037,
        -7.3737519869178,
        -0.12855511000677922,
        0.0,
        0.18733311583682483
    ],
    "bias": 5.878107924944302
}