{
    "feature_names": [
        "SO2",
        "CH4",
        "CO",
        "AMB_TEMP",
        "RAINFALL",
        "WIND_SPEED"
    ],
    "weights": [
        6.618544507671583,
        1.9764532974884021,
        -4.073742236088417,
        -0.14160817216661808,
        0.0,
        0.157938659717513
    ],
    "bias": 3.59887068160209
}