{
    "feature_names": [
        "SO2",
        "CH4",
        "CO",
        "AMB_TEMP",
        "RAINFALL",
        "WIND_SPEED"
    ],
    "weights": [
        6.730131990093101,
        1.2565790129261194,
        -6.944340977167217,
        -0.13007173233909106,
        0.0,
        0.18339655802427948
    ],
    "bias": 5.523086386369885
}