{
    "feature_names": [
        "CH4",
        "CO"
    ],
    "weights": [
        -40.27700362327082,
        27.020385716077637
    ],
    "bias": 86.31744078042445
}