{
    "feature_names": [
        "CH4",
        "CO"
    ],
    "weights": [
        -28.21861038037892,
        24.708160756962343
    ],
    "bias": 62.857603252787285
}