{
    "feature_names": [
        "CH4",
        "CO"
    ],
    "weights": [
        -39.7110003171181,
        26.9118532652756
    ],
    "bias": 85.21627038939505
}