{
    "feature_names": [
        "CH4",
        "CO"
    ],
    "weights": [
        -33.7883124626833,
        25.77616408963274
    ],
    "bias": 73.69356649399852
}