{
    "feature_names": [
        "CH4",
        "CO"
    ],
    "weights": [
        -38.70852839500061,
        26.719626941887935
    ],
    "bias": 83.26594185513656
}