{
    "feature_names": [
        "CH4",
        "CO"
    ],
    "weights": [
        -36.93300881109026,
        26.379166930799986
    ],
    "bias": 79.81163412717548
}