{
    "feature_names": [
        "CH4",
        "CO"
    ],
    "weights": [
        -18.35387916290982,
        22.816564173455998
    ],
    "bias": 43.66558112138487
}