{
    "feature_names": [
        "PM2.5",
        "PM10",
        "NO2",
        "NOx",
        "SO2",
        "CH4",
        "CO",
        "RH",
        "AMB_TEMP",
        "RAINFALL",
        "WIND_SPEED"
    ],
    "weights": [
        0.9999899231647819,
        2.0987495021152915e-05,
        -4.754921310342208e-06,
        8.230395032262688e-06,
        9.586235554979718e-06,
        -0.0013378474156909095,
        -0.0006421937028642289,
        3.444477047435511e-05,
        3.119524524184039e-05,
        0.0,
        0.00012860764869770087
    ],
    "bias": -0.0005875399009841413
}