{
    "feature_names": [
        "PM2.5",
        "PM10",
        "NO2",
        "NOx",
        "SO2",
        "CH4",
        "CO",
        "RH",
        "AMB_TEMP",
        "RAINFALL",
        "WIND_SPEED"
    ],
    "weights": [
        0.9999870968166971,
        2.6842505995562095e-05,
        -6.242302195424089e-06,
        9.954020614052086e-06,
        1.1165959458884842e-05,
        -0.001723050605115033,
        -0.0007506071923145,
        4.438494849402833e-05,
        4.0072472616724556e-05,
        0.0,
        0.0001651117189137372
    ],
    "bias": -0.0007619500734078211
}