{
    "feature_names": [
        "PM2.5",
        "PM10",
        "NO2",
        "NOx",
        "SO2",
        "CH4",
        "CO",
        "RH",
        "AMB_TEMP",
        "RAINFALL",
        "WIND_SPEED"
    ],
    "weights": [
        0.999972870495785,
        4.9425401017727755e-05,
        8.613195845133844e-05,
        -7.149962846603925e-05,
        -7.64935638127214e-06,
        -0.0029587650213768846,
        -0.0010952113014734395,
        7.048067121856905e-05,
        7.889977584077867e-05,
        0.0,
        0.00038366481009210665
    ],
    "bias": -0.0013206939266382845
}