{
    "feature_names": [
        "PM2.5",
        "PM10",
        "NO2",
        "NOx",
        "SO2",
        "CH4",
        "CO",
        "RH",
        "AMB_TEMP",
        "RAINFALL",
        "WIND_SPEED"
    ],
    "weights": [
        0.9999876250991067,
        2.5758692872740654e-05,
        -6.1202881059826565e-06,
        9.772685742331492e-06,
        1.0914544886306647e-05,
        -0.001652134161593042,
        -0.000730668824571806,
        4.256399067149775e-05,
        3.8422062777740165e-05,
        0.0,
        0.00015823268469007134
    ],
    "bias": -0.0007298409438278068
}