{
    "feature_names": [
        "PM2.5",
        "PM10",
        "NO2",
        "NOx",
        "SO2",
        "CH4",
        "CO",
        "RH",
        "AMB_TEMP",
        "RAINFALL",
        "WIND_SPEED"
    ],
    "weights": [
        0.9999881278296113,
        2.4721465821178494e-05,
        -5.918009188919631e-06,
        9.522360791157661e-06,
        1.0651119572894214e-05,
        -0.0015840490704363667,
        -0.000711517996551649,
        4.0810663060077896e-05,
        3.6846578315331996e-05,
        0.0,
        0.0001517172451282623
    ],
    "bias": -0.0006990135381113014
}