{
    "feature_names": [
        "PM2.5",
        "PM10",
        "NO2",
        "NOx",
        "SO2",
        "CH4",
        "CO",
        "RH",
        "AMB_TEMP",
        "RAINFALL",
        "WIND_SPEED"
    ],
    "weights": [
        0.9999822619258241,
        3.614649434408208e-05,
        1.7078316709753579e-06,
        3.4352245471873785e-06,
        1.0943463748649974e-05,
        -0.0023089338712794795,
        -0.0009149236800332281,
        5.8895152593191905e-05,
        5.4658854794708144e-05,
        0.0,
        0.00023130442856547368
    ],
    "bias": -0.001027162271660438
}