{
    "feature_names": [
        "PM2.5",
        "PM10",
        "NO2",
        "NOx",
        "SO2",
        "CH4",
        "CO",
        "RH",
        "AMB_TEMP",
        "RAINFALL",
        "WIND_SPEED"
    ],
    "weights": [
        0.9999895036066152,
        2.186304796115852e-05,
        -5.070216476207243e-06,
        8.571631057907229e-06,
        9.847404131535627e-06,
        -0.0013956844661523267,
        -0.0006584901199230944,
        3.5942733709585996e-05,
        3.251838680225248e-05,
        0.0,
        0.0001339925797855016
    ],
    "bias": -0.0006137266287679838
}