{
    "feature_names": [
        "PM2.5",
        "PM10",
        "NO2",
        "NOx",
        "SO2",
        "CH4",
        "CO",
        "RH",
        "AMB_TEMP",
        "RAINFALL",
        "WIND_SPEED"
    ],
    "weights": [
        0.999990325155657,
        2.014752872532977e-05,
        -4.437015335080492e-06,
        7.88912394224735e-06,
        9.331478552497376e-06,
        -0.0012823228568292018,
        -0.0006265419002806712,
        3.3005794893075834e-05,
        2.992661472576906e-05,
        0.0,
        0.00012345389354141413
    ],
    "bias": -0.0005624005443278545
}