{
    "feature_names": [
        "PM2.5",
        "PM10",
        "NO2",
        "NOx",
        "SO2",
        "CH4",
        "CO",
        "RH",
        "AMB_TEMP",
        "RAINFALL",
        "WIND_SPEED"
    ],
    "weights": [
        0.9981913501983997,
        0.0006016838722794751,
        0.012308719565495075,
        -0.012130273081740318,
        0.017348589779351362,
        -0.004614161280889969,
        -0.0010157946995043741,
        -0.0006681514480338163,
        0.0020334459989933364,
        0.0,
        0.011917906152245973
    ],
    "bias": -0.0017748739584022026
}