{
    "feature_names": [
        "PM2.5",
        "PM10",
        "NO2",
        "NOx",
        "SO2",
        "CH4",
        "CO",
        "RH",
        "AMB_TEMP",
        "RAINFALL",
        "WIND_SPEED"
    ],
    "weights": [
        0.9980791115591588,
        0.0006279723334506297,
        0.012820305145228679,
        -0.012673450676081206,
        0.018751926142775526,
        -0.004617922416499353,
        -0.000985064012516733,
        -0.0007022689042809506,
        0.0021333029219391393,
        0.0,
        0.012330871483133504
    ],
    "bias": -0.00175791158532204
}