{
    "feature_names": [
        "PM2.5",
        "PM10",
        "NO2",
        "NOx",
        "SO2",
        "CH4",
        "CO",
        "RH",
        "AMB_TEMP",
        "RAINFALL",
        "WIND_SPEED"
    ],
    "weights": [
        0.9969059344901704,
        0.0011736935237796633,
        0.017770183835051037,
        -0.018046377628167198,
        0.03200264467228434,
        -0.004727705332489098,
        -0.0007178039891554596,
        -0.001005530316737496,
        0.0029948949794042345,
        0.0,
        0.014449734116532607
    ],
    "bias": -0.0016356816478669543
}