{
    "feature_names": [
        "PM2.5",
        "PM10",
        "NO2",
        "NOx",
        "SO2",
        "CH4",
        "CO",
        "RH",
        "AMB_TEMP",
        "RAINFALL",
        "WIND_SPEED"
    ],
    "weights": [
        0.9975285055827544,
        0.000792620897158423,
        0.015205992178585643,
        -0.015238128321908954,
        0.02552097169798503,
        -0.004642385334198761,
        -0.0008414053533987133,
        -0.0008583598551540984,
        0.0025926442430251172,
        0.0,
        0.013968625046153796
    ],
    "bias": -0.0016806361668466497
}