{
    "feature_names": [
        "PM2.5",
        "PM10",
        "NO2",
        "NOx",
        "SO2",
        "CH4",
        "CO",
        "RH",
        "AMB_TEMP",
        "RAINFALL",
        "WIND_SPEED"
    ],
    "weights": [
        0.9954612557966729,
        0.003017794222542948,
        0.02300204576082458,
        -0.023927604657439684,
        0.03963657424685459,
        -0.005171046056201864,
        -0.0006302299440163262,
        -0.0011758654647926236,
        0.0029254554519126453,
        0.0,
        0.010400892479970851
    ],
    "bias": -0.0017361580774579938
}