{
    "feature_names": [
        "PM2.5",
        "PM10",
        "NO2",
        "NOx",
        "SO2",
        "CH4",
        "CO",
        "RH",
        "AMB_TEMP",
        "RAINFALL",
        "WIND_SPEED"
    ],
    "weights": [
        0.9961666174519977,
        0.00200429276337435,
        0.020675088176184596,
        -0.021278459668919322,
        0.03700037698540092,
        -0.004938603926078251,
        -0.0006474907171525894,
        -0.0011262896269402087,
        0.003179896773359102,
        0.0,
        0.012828038127939662
    ],
    "bias": -0.001665684536719982
}