{
    "feature_names": [
        "PM2.5",
        "PM10",
        "NO2",
        "NOx",
        "SO2",
        "CH4",
        "CO",
        "RH",
        "AMB_TEMP",
        "RAINFALL",
        "WIND_SPEED"
    ],
    "weights": [
        0.9976854091931644,
        0.0007359137605589886,
        0.014543172651234317,
        -0.01452047827978623,
        0.02364015962340751,
        -0.004632934480907155,
        -0.0008803834579591327,
        -0.0008159597854865206,
        0.0024684626530591396,
        0.0,
        0.013585394558519412
    ],
    "bias": -0.0017006947203818705
}