{
    "feature_names": [
        "PM2.5",
        "PM10",
        "NO2",
        "NOx",
        "SO2",
        "CH4",
        "CO",
        "RH",
        "AMB_TEMP",
        "RAINFALL",
        "WIND_SPEED"
    ],
    "weights": [
        0.9973523848647187,
        0.0008718734737211034,
        0.01593934015274751,
        -0.0160364202148513,
        0.027539148309907373,
        -0.004657649487095004,
        -0.0008007637910514997,
        -0.0009036180502234301,
        0.0027228712080616473,
        0.0,
        0.014288282791804146
    ],
    "bias": -0.001661528098766191
}