{
    "feature_names": [
        "PM2.5",
        "PM10",
        "NO2",
        "NOx",
        "SO2",
        "CH4",
        "CO",
        "RH",
        "AMB_TEMP",
        "RAINFALL",
        "WIND_SPEED"
    ],
    "weights": [
        0.9999865400252602,
        2.7976235895774537e-05,
        -6.244338615082311e-06,
        1.0030951780620914e-05,
        1.13954989379676e-05,
        -0.0017969142178511832,
        -0.0007713645129959132,
        4.627413198246273e-05,
        4.180474141676235e-05,
        0.0,
        0.00017240729469438
    ],
    "bias": -0.0007953930484802404
}