{
    "feature_names": [
        "PM2.5",
        "PM10",
        "NO2",
        "NOx",
        "SO2",
        "CH4",
        "CO",
        "RH",
        "AMB_TEMP",
        "RAINFALL",
        "WIND_SPEED"
    ],
    "weights": [
        0.9999772491242551,
        4.392458401826075e-05,
        3.715801985708745e-05,
        -2.7872569903173376e-05,
        3.3497883013843276e-06,
        -0.002725311844603919,
        -0.0010308829300637215,
        6.743086264165452e-05,
        6.819677543566035e-05,
        0.0,
        0.0003094752838189675
    ],
    "bias": -0.0012154021903003668
}