{
    "feature_names": [
        "PM2.5",
        "PM10",
        "NO2",
        "NOx",
        "SO2",
        "CH4",
        "CO",
        "RH",
        "AMB_TEMP",
        "RAINFALL",
        "WIND_SPEED"
    ],
    "weights": [
        0.9999839285648249,
        3.310804619724584e-05,
        -3.51584262051128e-06,
        7.922051701899372e-06,
        1.1708389227886372e-05,
        -0.0021242906372385337,
        -0.0008632326579998314,
        5.448419892624599e-05,
        4.977312583389079e-05,
        0.0,
        0.00020760321643251218
    ],
    "bias": -0.0009436002145259408
}