{
    "feature_names": [
        "PM2.5",
        "PM10",
        "NO2",
        "NOx",
        "SO2",
        "CH4",
        "CO",
        "RH",
        "AMB_TEMP",
        "RAINFALL",
        "WIND_SPEED"
    ],
    "weights": [
        0.9999917746887061,
        1.7113262145456618e-05,
        -3.210741451392527e-06,
        6.5858355112730015e-06,
        8.38951619785596e-06,
        -0.0010815591659831373,
        -0.0005698833615958779,
        2.779823767776895e-05,
        2.534762716164493e-05,
        0.0,
        0.00010489907787668156
    ],
    "bias": -0.00047150651631400355
}