{
    "feature_names": [
        "PM2.5",
        "PM10",
        "NO2",
        "NOx",
        "SO2",
        "CH4",
        "CO",
        "RH",
        "AMB_TEMP",
        "RAINFALL",
        "WIND_SPEED"
    ],
    "weights": [
        0.9999921010759666,
        1.6429344188658204e-05,
        -2.924402303792324e-06,
        6.283002098392318e-06,
        8.174307921781267e-06,
        -0.0010362845905184965,
        -0.0005570897770397471,
        2.6623292133721767e-05,
        2.4316033322670184e-05,
        0.0,
        0.00010072490840754924
    ],
    "bias": -0.0004510099306665303
}