{
    "feature_names": [
        "PM2.5",
        "PM10",
        "NO2",
        "NOx",
        "SO2",
        "CH4",
        "CO",
        "RH",
        "AMB_TEMP",
        "RAINFALL",
        "WIND_SPEED"
    ],
    "weights": [
        0.9999788298543195,
        4.167866527988316e-05,
        2.3021567594228107e-05,
        -1.5329397992992778e-05,
        6.511284852810013e-06,
        -0.002615031482610522,
        -0.0010002851374619648,
        6.545321218147427e-05,
        6.41048800997913e-05,
        0.0,
        0.0002838145458676587
    ],
    "bias": -0.001165585703856815
}