{
    "feature_names": [
        "PM2.5",
        "PM10",
        "NO2",
        "NOx",
        "SO2",
        "CH4",
        "CO",
        "RH",
        "AMB_TEMP",
        "RAINFALL",
        "WIND_SPEED"
    ],
    "weights": [
        0.9995338276266658,
        0.00026032413542793025,
        0.0047138855282551064,
        -0.004394937418501484,
        0.0021752216380131616,
        -0.00442433425365921,
        -0.001359017082360134,
        -0.00017651685075881066,
        0.0007064711240454121,
        0.0,
        0.005138586201423178
    ],
    "bias": -0.0019136632285510972
}