{
    "feature_names": [
        "PM2.5",
        "PM10",
        "NO2",
        "NOx",
        "SO2",
        "CH4",
        "CO",
        "RH",
        "AMB_TEMP",
        "RAINFALL",
        "WIND_SPEED"
    ],
    "weights": [
        0.9999599811519906,
        6.239755664166168e-05,
        0.00026725075187795016,
        -0.00023365230213689126,
        -4.393431842742149e-05,
        -0.0033410285142969785,
        -0.0011981871138208977,
        6.94400571408917e-05,
        0.00010737578635417296,
        0.0,
        0.0006101107151159773
    ],
    "bias": -0.0014921803882687458
}