{
    "feature_names": [
        "PM2.5",
        "PM10",
        "NO2",
        "NOx",
        "SO2",
        "CH4",
        "CO",
        "RH",
        "AMB_TEMP",
        "RAINFALL",
        "WIND_SPEED"
    ],
    "weights": [
        0.9999846532456761,
        3.1722544614992276e-05,
        -4.841630806304643e-06,
        9.020142394409867e-06,
        1.1779772563870718e-05,
        -0.0020374045243388168,
        -0.0008388741805249976,
        5.234108973094898e-05,
        4.7594409089211276e-05,
        0.0,
        0.0001976334631070605
    ],
    "bias": -0.0009042701921947177
}