{
    "feature_names": [
        "PM2.5",
        "PM10",
        "NO2",
        "NOx",
        "SO2",
        "CH4",
        "CO",
        "RH",
        "AMB_TEMP",
        "RAINFALL",
        "WIND_SPEED"
    ],
    "weights": [
        0.9999886073186768,
        2.3728015293755896e-05,
        -5.663444478607887e-06,
        9.227965510799009e-06,
        1.0382547049051805e-05,
        -0.001518683563510308,
        -0.0006931241667762614,
        3.9123774479172964e-05,
        3.534042688043516e-05,
        0.0,
        0.00014552511638126134
    ],
    "bias": -0.0006694174692361624
}