{
    "feature_names": [
        "PM2.5",
        "PM10",
        "NO2",
        "NOx",
        "SO2",
        "CH4",
        "CO",
        "RH",
        "AMB_TEMP",
        "RAINFALL",
        "WIND_SPEED"
    ],
    "weights": [
        0.9999412736226209,
        7.769962170316005e-05,
        0.0005491073756999805,
        -0.00048738495416915937,
        -8.192532025796691e-05,
        -0.003614836900345608,
        -0.0012682288096056943,
        5.955900075036549e-05,
        0.00014474753018607785,
        0.0,
        0.0009294763227968981
    ],
    "bias": -0.0016134750612911421
}