{
    "feature_names": [
        "PM2.5",
        "PM10",
        "NO2",
        "NOx",
        "SO2",
        "CH4",
        "CO",
        "RH",
        "AMB_TEMP",
        "RAINFALL",
        "WIND_SPEED"
    ],
    "weights": [
        0.9999831373682162,
        3.4577885337161145e-05,
        -1.4382772709517031e-06,
        6.154867782729163e-06,
        1.1456014232879324e-05,
        -0.0022147561826400515,
        -0.0008885724793454567,
        5.66740492192495e-05,
        5.211567103079379e-05,
        0.0,
        0.00021871218924431136
    ],
    "bias": -0.0009845451027299063
}