{
    "feature_names": [
        "PM2.5",
        "PM10",
        "NO2",
        "NOx",
        "SO2",
        "CH4",
        "CO",
        "RH",
        "AMB_TEMP",
        "RAINFALL",
        "WIND_SPEED"
    ],
    "weights": [
        0.9999890654096941,
        2.2775919307121145e-05,
        -5.376256733512718e-06,
        8.906983528096541e-06,
        1.0113564426634518e-05,
        -0.0014559299284139045,
        -0.0006754577422916846,
        3.7501741876836356e-05,
        3.3898994440376345e-05,
        0.0,
        0.00013962510687438908
    ],
    "bias": -0.0006410041168846444
}