{
    "feature_names": [
        "PM2.5",
        "PM10",
        "NO2",
        "NOx",
        "SO2",
        "CH4",
        "CO",
        "RH",
        "AMB_TEMP",
        "RAINFALL",
        "WIND_SPEED"
    ],
    "weights": [
        0.9999859508680974,
        2.9163921731535537e-05,
        -6.070132528062261e-06,
        9.953260452762948e-06,
        1.1589070005561598e-05,
        -0.0018738447860133713,
        -0.0007929729438908132,
        4.8231251672774166e-05,
        4.362765417605928e-05,
        0.0,
        0.00018019004902398547
    ],
    "bias": -0.000830223648524489
}