{
    "feature_names": [
        "PM2.5",
        "PM10",
        "NO2",
        "NOx",
        "SO2",
        "CH4",
        "CO",
        "RH",
        "AMB_TEMP",
        "RAINFALL",
        "WIND_SPEED"
    ],
    "weights": [
        0.9999753095694645,
        4.647379469300919e-05,
        5.735994758941653e-05,
        -4.584613650155222e-05,
        -1.2094618903256546e-06,
        -0.0028398729257874075,
        -0.0010625392994025127,
        6.915614519723272e-05,
        7.303772824095543e-05,
        0.0,
        0.0003418881104106904
    ],
    "bias": -0.0012671048955159505
}