{
    "feature_names": [
        "PM2.5",
        "PM10",
        "NO2",
        "NOx",
        "SO2",
        "CH4",
        "CO",
        "RH",
        "AMB_TEMP",
        "RAINFALL",
        "WIND_SPEED"
    ],
    "weights": [
        0.9998644241763314,
        0.00012585634730858042,
        0.001594728201859093,
        -0.0014411541778890794,
        -7.911631789851696e-06,
        -0.00403868351542125,
        -0.0013594087464747977,
        7.204703983525151e-06,
        0.0002760512437729144,
        0.0,
        0.0020411931983214627
    ],
    "bias": -0.0017933724402930005
}