{
    "feature_names": [
        "PM2.5",
        "PM10",
        "NO2",
        "NOx",
        "SO2",
        "CH4",
        "CO",
        "RH",
        "AMB_TEMP",
        "RAINFALL",
        "WIND_SPEED"
    ],
    "weights": [
        0.9999655811402961,
        5.7149926899730246e-05,
        0.00018501918559587572,
        -0.00015992494002852706,
        -2.8505660150217245e-05,
        -0.003209469316482414,
        -0.0011632171690122164,
        7.098960843589888e-05,
        9.539660650807464e-05,
        0.0,
        0.0005115277659968391
    ],
    "bias": -0.0014333500270429195
}