{
    "feature_names": [
        "PM2.5",
        "PM10",
        "NO2",
        "NOx",
        "SO2",
        "CH4",
        "CO",
        "RH",
        "AMB_TEMP",
        "RAINFALL",
        "WIND_SPEED"
    ],
    "weights": [
        0.9999253233998888,
        8.914529376796013e-05,
        0.0007838164984786676,
        -0.0006997891755172656,
        -9.510189766028069e-05,
        -0.003755683390027267,
        -0.0013018942291446848,
        4.905330243036225e-05,
        0.00017438921879294055,
        0.0,
        0.0011855498986448928
    ],
    "bias": -0.0016748348989800367
}