{
    "feature_names": [
        "SO2",
        "CH4",
        "CO",
        "AMB_TEMP",
        "RAINFALL",
        "WIND_SPEED"
    ],
    "weights": [
        6.81164092291981,
        -4.974133998952122,
        -10.179465946975286,
        -0.15237991083677124,
        0.0,
        0.23375654047091526
    ],
    "bias": 19.035526548824052
}