{
    "feature_names": [
        "SO2",
        "CH4",
        "CO",
        "AMB_TEMP",
        "RAINFALL",
        "WIND_SPEED"
    ],
    "weights": [
        6.837998287623331,
        -3.7550733174528794,
        -10.580343896684013,
        -0.14217122204920524,
        0.0,
        0.23203541120005222
    ],
    "bias": 16.54209053879675
}