{
    "feature_names": [
        "SO2",
        "CH4",
        "CO",
        "AMB_TEMP",
        "RAINFALL",
        "WIND_SPEED"
    ],
    "weights": [
        6.782701359191622,
        -6.179087001905047,
        -9.712669607730609,
        -0.1628693010041813,
        0.0,
        0.23490276090605744
    ],
    "bias": 21.48984803800528
}