{
    "feature_names": [
        "SO2",
        "CH4",
        "CO",
        "AMB_TEMP",
        "RAINFALL",
        "WIND_SPEED"
    ],
    "weights": [
        6.857904735784476,
        -2.519279817449438,
        -10.820236401884118,
        -0.13276351831588237,
        0.0,
        0.2289810993834024
    ],
    "bias": 13.990222402644918
}