{
    "feature_names": [
        "SO2",
        "CH4",
        "CO",
        "AMB_TEMP",
        "RAINFALL",
        "WIND_SPEED"
    ],
    "weights": [
        6.862319237387205,
        -1.2607864539281122,
        -10.677009236791884,
        -0.1253735846880658,
        0.0,
        0.2228224855510009
    ],
    "bias": 11.335133807741924
}