{
    "feature_names": [
        "AMB_TEMP",
        "CH4",
        "CO",
        "NMHC",
        "NO",
        "NO2",
        "NOx",
        "O3",
        "PM10",
        "PM2.5",
        "RAINFALL",
        "RH",
        "SO2",
        "THC",
        "WD_HR",
        "WIND_DIREC",
        "WIND_SPEED",
        "WS_HR"
    ],
    "weights": [
        -0.005445039098099,
        -0.0006638611010611244,
        -5.923552114737419e-05,
        0.001545140753055351,
        -0.005646202893110883,
        0.002386002324244533,
        -0.0009378953766316142,
        0.002076206636557064,
        0.0015403071251505714,
        0.9979738178206995,
        0.0,
        -0.0004664046114160477,
        0.00999692284560786,
        0.0008812796519942175,
        4.3127513485243694e-05,
        -8.588999840951608e-05,
        0.018903128025238025,
        -0.017478023427774908
    ],
    "bias": -0.00013934773297163074
}