{
    "feature_names": [
        "AMB_TEMP",
        "CH4",
        "CO",
        "NMHC",
        "NO",
        "NO2",
        "NOx",
        "O3",
        "PM10",
        "PM2.5",
        "RAINFALL",
        "RH",
        "SO2",
        "THC",
        "WD_HR",
        "WIND_DIREC",
        "WIND_SPEED",
        "WS_HR"
    ],
    "weights": [
        -0.0012275735573532558,
        -0.00016658717635805164,
        5.09189489233937e-05,
        0.0016151216210715327,
        -0.0038158685219605967,
        0.0007774686019639939,
        -0.0008911085501597328,
        0.00042241817112233026,
        0.0009813992942528623,
        0.9987181415327073,
        0.0,
        -7.943084441321508e-05,
        0.007358306248681863,
        0.001448534444713473,
        -1.8727825064681756e-05,
        -0.0001220181357660774,
        0.015051394797128121,
        -0.017221801561525446
    ],
    "bias": 7.515839859645535e-05
}