{
    "feature_names": [
        "AMB_TEMP",
        "CH4",
        "CO",
        "NMHC",
        "NO",
        "NO2",
        "NOx",
        "O3",
        "PM10",
        "PM2.5",
        "RAINFALL",
        "RH",
        "SO2",
        "THC",
        "WD_HR",
        "WIND_DIREC",
        "WIND_SPEED",
        "WS_HR"
    ],
    "weights": [
        -0.015358857907920052,
        -0.0013511088048932319,
        -0.0001549958853867548,
        0.0014597632441480473,
        -0.009989608237933528,
        0.0062413900505175765,
        -0.0010578920614612176,
        0.006018709835077901,
        0.00274177141279109,
        0.9962028486247297,
        0.0,
        -0.00146677244522739,
        0.017772954520531323,
        0.00010865443925483278,
        0.00017704344001829775,
        3.1370272300801413e-05,
        0.02573366129794778,
        -0.014615454327908851
    ],
    "bias": -0.0003926990055467052
}