{
    "feature_names": [
        "AMB_TEMP",
        "CH4",
        "CO",
        "NMHC",
        "NO",
        "NO2",
        "NOx",
        "O3",
        "PM10",
        "PM2.5",
        "RAINFALL",
        "RH",
        "SO2",
        "THC",
        "WD_HR",
        "WIND_DIREC",
        "WIND_SPEED",
        "WS_HR"
    ],
    "weights": [
        -0.047873371001755594,
        -0.003993941278692454,
        -0.00033348921429712667,
        0.0012857387773291971,
        -0.04353082135047316,
        0.02687886285933439,
        -0.013246124077589506,
        0.017009248877360248,
        0.018903813005516558,
        0.9836164210027837,
        0.0,
        -0.007108162376780014,
        0.043703246652470114,
        -0.0027082025013632485,
        0.003077689569471627,
        0.0009329821859795236,
        0.023298679415011892,
        -0.010535603632379594
    ],
    "bias": -0.0013710764282533728
}