{
    "feature_names": [
        "AMB_TEMP",
        "CH4",
        "CO",
        "NMHC",
        "NO",
        "NO2",
        "NOx",
        "O3",
        "PM10",
        "PM2.5",
        "RAINFALL",
        "RH",
        "SO2",
        "THC",
        "WD_HR",
        "WIND_DIREC",
        "WIND_SPEED",
        "WS_HR"
    ],
    "weights": [
        -0.017635336881736408,
        -0.0014737207842604406,
        -0.00016388321610663834,
        0.0014463480984457243,
        -0.011023481049049539,
        0.007148063104586505,
        -0.0011070914215699842,
        0.006926252556888996,
        0.003026697223624069,
        0.995782499303863,
        0.0,
        -0.0017072764245410538,
        0.019710012897437245,
        -2.737268581470751e-05,
        0.00021014954528443436,
        6.143694741181245e-05,
        0.02711242571463023,
        -0.013706012405706763
    ],
    "bias": -0.0004322694737554835
}