{
    "feature_names": [
        "AMB_TEMP",
        "CH4",
        "CO",
        "NMHC",
        "NO",
        "NO2",
        "NOx",
        "O3",
        "PM10",
        "PM2.5",
        "RAINFALL",
        "RH",
        "SO2",
        "THC",
        "WD_HR",
        "WIND_DIREC",
        "WIND_SPEED",
        "WS_HR"
    ],
    "weights": [
        -0.0016393053029683695,
        -0.00022915726367438017,
        3.5693283339720866e-05,
        0.001606046364564978,
        -0.003996409549681573,
        0.0009342261077248307,
        -0.0008974448848627743,
        0.0005824304050716305,
        0.0010399545498118818,
        0.9986448579088945,
        0.0,
        -0.00011491428197626224,
        0.007581571332571127,
        0.0013768891008905896,
        -1.2320625321292696e-05,
        -0.00011940039865089317,
        0.015494409869771443,
        -0.017347285406298544
    ],
    "bias": 4.6978821331435145e-05
}