{
    "feature_names": [
        "AMB_TEMP",
        "CH4",
        "CO",
        "NMHC",
        "NO",
        "NO2",
        "NOx",
        "O3",
        "PM10",
        "PM2.5",
        "RAINFALL",
        "RH",
        "SO2",
        "THC",
        "WD_HR",
        "WIND_DIREC",
        "WIND_SPEED",
        "WS_HR"
    ],
    "weights": [
        -0.00867073993980901,
        -0.0009287267324595037,
        -0.00010508548998267309,
        0.0015104014637901837,
        -0.007044892539941268,
        0.0036279943037975547,
        -0.0009689032763574373,
        0.0033542468776997,
        0.0019368052791385994,
        0.997403660425678,
        0.0,
        -0.0007828120892042198,
        0.012364727438915746,
        0.0005816747313306742,
        8.71214252626144e-05,
        -5.069137163111286e-05,
        0.021316153630161983,
        -0.01684429134419505
    ],
    "bias": -0.00024343838986544563
}