{
    "feature_names": [
        "AMB_TEMP",
        "CH4",
        "CO",
        "NMHC",
        "NO",
        "NO2",
        "NOx",
        "O3",
        "PM10",
        "PM2.5",
        "RAINFALL",
        "RH",
        "SO2",
        "THC",
        "WD_HR",
        "WIND_DIREC",
        "WIND_SPEED",
        "WS_HR"
    ],
    "weights": [
        0.001604584357020369,
        0.0014077070834613036,
        0.0004199186145526031,
        0.0018563872459321942,
        -0.0015126931470442495,
        -0.0008913695458146764,
        -3.543107019954647e-05,
        -0.000639660726507117,
        0.00011999980078403437,
        0.9996823092557598,
        0.0,
        5.553170108315816e-05,
        0.004097397587878082,
        0.0032640943293938004,
        -6.706036793256912e-05,
        -6.0132384285180445e-05,
        0.0045361039266852725,
        -0.007267810744094699
    ],
    "bias": 0.0008421011257464006
}