{
    "feature_names": [
        "AMB_TEMP",
        "CH4",
        "CO",
        "NMHC",
        "NO",
        "NO2",
        "NOx",
        "O3",
        "PM10",
        "PM2.5",
        "RAINFALL",
        "RH",
        "SO2",
        "THC",
        "WD_HR",
        "WIND_DIREC",
        "WIND_SPEED",
        "WS_HR"
    ],
    "weights": [
        -3.879797183331235e-05,
        -0.00016852846481944905,
        -2.2973370023805797e-05,
        0.001864056006880641,
        -0.0009222739148169563,
        -0.0009216411201580908,
        0.0008878566024207897,
        4.4100935449629365e-06,
        1.3564790836947782e-06,
        0.9999809536559384,
        0.0,
        -3.164165064788236e-05,
        0.00016931592691661357,
        0.0016955275420616077,
        -5.48171282916668e-06,
        2.088890082864219e-06,
        0.00011819123085477713,
        -0.00041970093353767865
    ],
    "bias": 0.00015706980979511708
}