{
    "feature_names": [
        "AMB_TEMP",
        "CH4",
        "CO",
        "NMHC",
        "NO",
        "NO2",
        "NOx",
        "O3",
        "PM10",
        "PM2.5",
        "RAINFALL",
        "RH",
        "SO2",
        "THC",
        "WD_HR",
        "WIND_DIREC",
        "WIND_SPEED",
        "WS_HR"
    ],
    "weights": [
        -3.166334810852653e-05,
        -0.00024885115170979985,
        -4.054322916370429e-05,
        0.0018612718943170486,
        -0.0009118097303946065,
        -0.0009125127690691151,
        0.0008802290763181728,
        3.1793122476991125e-06,
        1.3302900626146358e-06,
        0.9999824262927853,
        0.0,
        -2.8243111284087624e-05,
        0.0001529807080571423,
        0.0016124207426077182,
        -4.844817308621209e-06,
        1.940356902051342e-06,
        0.00010367969504395156,
        -0.00037394812165277876
    ],
    "bias": 0.00012095108231108048
}