{
    "feature_names": [
        "AMB_TEMP",
        "CH4",
        "CO",
        "NMHC",
        "NO",
        "NO2",
        "NOx",
        "O3",
        "PM10",
        "PM2.5",
        "RAINFALL",
        "RH",
        "SO2",
        "THC",
        "WD_HR",
        "WIND_DIREC",
        "WIND_SPEED",
        "WS_HR"
    ],
    "weights": [
        -5.5869151733669896e-05,
        9.664585466437945e-05,
        3.648900790776377e-05,
        0.0018725293232508264,
        -0.0009510397877179836,
        -0.0009443109778246037,
        0.0009024087317523399,
        6.043475024880476e-06,
        1.7799766148368624e-06,
        0.9999752174959067,
        0.0,
        -4.22797314190696e-05,
        0.0002362281615148609,
        0.0019691751779155726,
        -7.755115490886612e-06,
        2.350654795097407e-06,
        0.00017974588311494205,
        -0.000590739428895799
    ],
    "bias": 0.0002761865581378944
}