{
    "feature_names": [
        "AMB_TEMP",
        "CH4",
        "CO",
        "NMHC",
        "NO",
        "NO2",
        "NOx",
        "O3",
        "PM10",
        "PM2.5",
        "RAINFALL",
        "RH",
        "SO2",
        "THC",
        "WD_HR",
        "WIND_DIREC",
        "WIND_SPEED",
        "WS_HR"
    ],
    "weights": [
        -1.266521877017818e-05,
        -0.0004397053859307164,
        -8.108164137203211e-05,
        0.001854037935068585,
        -0.0008805993560016706,
        -0.0008838915744507531,
        0.0008541066540969499,
        -5.22856340911192e-07,
        1.407223215684792e-06,
        0.9999856192084609,
        0.0,
        -1.995714607720471e-05,
        0.00011860429973734348,
        0.0014143325491383257,
        -3.3815706945981507e-06,
        1.504795287127109e-06,
        7.418849215331183e-05,
        -0.0002724465576431924
    ],
    "bias": 3.50516811246803e-05
}