{
    "feature_names": [
        "AMB_TEMP",
        "CH4",
        "CO",
        "NMHC",
        "NO",
        "NO2",
        "NOx",
        "O3",
        "PM10",
        "PM2.5",
        "RAINFALL",
        "RH",
        "SO2",
        "THC",
        "WD_HR",
        "WIND_DIREC",
        "WIND_SPEED",
        "WS_HR"
    ],
    "weights": [
        -1.3040564959616025e-05,
        0.0007128449084542484,
        0.00018202052230598703,
        0.001888608931704819,
        -0.0010131114794827826,
        -0.0009715438677707128,
        0.0008715900156526544,
        -2.091331195225523e-05,
        6.5598338141062835e-06,
        0.9999512193169864,
        0.0,
        -6.000177342390006e-05,
        0.0005517202858551058,
        0.0026014538401593246,
        -1.5267922345301953e-05,
        2.0840389496691342e-07,
        0.0004861126833874833,
        -0.0012288643905042464
    ],
    "bias": 0.0005519725539089832
}