{
    "feature_names": [
        "AMB_TEMP",
        "CH4",
        "CO",
        "NMHC",
        "NO",
        "NO2",
        "NOx",
        "O3",
        "PM10",
        "PM2.5",
        "RAINFALL",
        "RH",
        "SO2",
        "THC",
        "WD_HR",
        "WIND_DIREC",
        "WIND_SPEED",
        "WS_HR"
    ],
    "weights": [
        1.4663419483635548e-06,
        0.000769185365041946,
        0.0001959482082329434,
        0.0018897660181855305,
        -0.001020194339727765,
        -0.0009727998536262953,
        0.0008625373066760705,
        -2.73212424978939e-05,
        7.47227897030466e-06,
        0.9999476662902568,
        0.0,
        -6.073509603028692e-05,
        0.0006009644136419098,
        0.002658951383227702,
        -1.624277761031528e-05,
        -3.363649219755559e-07,
        0.0005348325743087316,
        -0.0013177558679826145
    ],
    "bias": 0.0005770743188472247
}