{
    "feature_names": [
        "AMB_TEMP",
        "CH4",
        "CO",
        "NMHC",
        "NO",
        "NO2",
        "NOx",
        "O3",
        "PM10",
        "PM2.5",
        "RAINFALL",
        "RH",
        "SO2",
        "THC",
        "WD_HR",
        "WIND_DIREC",
        "WIND_SPEED",
        "WS_HR"
    ],
    "weights": [
        0.002021801210091017,
        0.000870819612783408,
        0.00031810125050119715,
        0.001770013357851853,
        -0.0020936227574266486,
        -0.0006031259902113338,
        -0.0006103370443939307,
        -0.0008066302927103346,
        0.0003371498330847029,
        0.9994200867920257,
        0.0,
        0.00013408471578548142,
        0.005778209680649875,
        0.002640832970635295,
        -7.700893028344196e-05,
        -0.00010744901808314984,
        0.008561121574811977,
        -0.01227825118198378
    ],
    "bias": 0.0005725261868625575
}