{
    "feature_names": [
        "AMB_TEMP",
        "CH4",
        "CO",
        "NMHC",
        "NO",
        "NO2",
        "NOx",
        "O3",
        "PM10",
        "PM2.5",
        "RAINFALL",
        "RH",
        "SO2",
        "THC",
        "WD_HR",
        "WIND_DIREC",
        "WIND_SPEED",
        "WS_HR"
    ],
    "weights": [
        0.0004341527917194434,
        0.0013265659104859798,
        0.0003474687461373145,
        0.001893783358464335,
        -0.0011518460639242626,
        -0.0009711503710007339,
        0.0006221691344669422,
        -0.00019842808763677924,
        3.0270474595683604e-05,
        0.9998745518103505,
        0.0,
        -4.378202032457517e-05,
        0.0016476263335440172,
        0.0032203492689506746,
        -3.377718991364414e-05,
        -1.5360585861380478e-05,
        0.0015950864891079923,
        -0.003046803995334681
    ],
    "bias": 0.000822337541009321
}