{
    "feature_names": [
        "AMB_TEMP",
        "CH4",
        "CO",
        "NMHC",
        "NO",
        "NO2",
        "NOx",
        "O3",
        "PM10",
        "PM2.5",
        "RAINFALL",
        "RH",
        "SO2",
        "THC",
        "WD_HR",
        "WIND_DIREC",
        "WIND_SPEED",
        "WS_HR"
    ],
    "weights": [
        -4.118929100308121e-05,
        -0.00013960181815783713,
        -1.6589177640797705e-05,
        0.001865030415078206,
        -0.0009257819610454217,
        -0.000924620586699212,
        0.0008902071262870126,
        4.786340000103439e-06,
        1.3759073892341341e-06,
        0.9999803986089301,
        0.0,
        -3.284898345325511e-05,
        0.0001755630968430585,
        0.0017254285969208107,
        -5.715684724545307e-06,
        2.135865989630315e-06,
        0.0001238075514814609,
        -0.0004367474823160945
    ],
    "bias": 0.00017007299283924087
}