{
    "feature_names": [
        "AMB_TEMP",
        "CH4",
        "CO",
        "NMHC",
        "NO",
        "NO2",
        "NOx",
        "O3",
        "PM10",
        "PM2.5",
        "RAINFALL",
        "RH",
        "SO2",
        "THC",
        "WD_HR",
        "WIND_DIREC",
        "WIND_SPEED",
        "WS_HR"
    ],
    "weights": [
        -5.7240960956035497e-05,
        0.0003517021492156002,
        9.543460429182031e-05,
        0.001879826105173524,
        -0.0009752871592679762,
        -0.0009588984894003689,
        0.0009020009756763984,
        1.9989030882737113e-06,
        2.8971150400834045e-06,
        0.9999677379448554,
        0.0,
        -5.1220668975838654e-05,
        0.0003299642262327509,
        0.0022315282543894457,
        -1.0346453278284414e-05,
        2.0949929484156726e-06,
        0.00026911337919369974,
        -0.0007996458505763692
    ],
    "bias": 0.00039055315133961865
}