{
    "feature_names": [
        "AMB_TEMP",
        "CH4",
        "CO",
        "NMHC",
        "NO",
        "NO2",
        "NOx",
        "O3",
        "PM10",
        "PM2.5",
        "RAINFALL",
        "RH",
        "SO2",
        "THC",
        "WD_HR",
        "WIND_DIREC",
        "WIND_SPEED",
        "WS_HR"
    ],
    "weights": [
        -4.8153045496918954e-05,
        -4.5864815572819904e-05,
        4.281446162944908e-06,
        0.0018680981695234175,
        -0.0009364123606904281,
        -0.0009333334432275022,
        0.0008964981437418594,
        5.711119073645787e-06,
        1.479965268906786e-06,
        0.9999784937885513,
        0.0,
        -3.669066583794122e-05,
        0.00019738282764312928,
        0.0018222333539510134,
        -6.494530512809477e-06,
        2.26031285002029e-06,
        0.00014366614560279008,
        -0.0004944163447467293
    ],
    "bias": 0.0002121945425905951
}