{
    "feature_names": [
        "AMB_TEMP",
        "CH4",
        "CO",
        "NMHC",
        "NO",
        "NO2",
        "NOx",
        "O3",
        "PM10",
        "PM2.5",
        "RAINFALL",
        "RH",
        "SO2",
        "THC",
        "WD_HR",
        "WIND_DIREC",
        "WIND_SPEED",
        "WS_HR"
    ],
    "weights": [
        -5.235750402866908e-05,
        2.277549733405714e-05,
        1.9726241353603682e-05,
        0.0018702654742303547,
        -0.0009436377323616035,
        -0.0009389247544702811,
        0.000899883110413216,
        6.05348004481964e-06,
        1.6009492438960516e-06,
        0.9999769798618507,
        0.0,
        -3.942491851355816e-05,
        0.00021513473910350005,
        0.0018930409715648053,
        -7.088624699319868e-06,
        2.3204415296858223e-06,
        0.00016005540193969427,
        -0.0005393568168047132
    ],
    "bias": 0.00024302353578036816
}