{
    "feature_names": [
        "AMB_TEMP",
        "CH4",
        "CO",
        "NMHC",
        "NO",
        "NO2",
        "NOx",
        "O3",
        "PM10",
        "PM2.5",
        "RAINFALL",
        "RH",
        "SO2",
        "THC",
        "WD_HR",
        "WIND_DIREC",
        "WIND_SPEED",
        "WS_HR"
    ],
    "weights": [
        0.0007563895545315281,
        0.0014398978283599272,
        0.00038894407199667144,
        0.001888143049449472,
        -0.0012370420379762667,
        -0.000959942840436013,
        0.00045055637889293505,
        -0.00032069659200487734,
        4.8069808161052446e-05,
        0.9998267767913912,
        0.0,
        -2.0501757104283657e-05,
        0.002322583090446173,
        0.003328040877809738,
        -4.376441032547207e-05,
        -2.6553782966821794e-05,
        0.00231319766472437,
        -0.004129017731355534
    ],
    "bias": 0.000869484285619614
}