{
    "feature_names": [
        "AMB_TEMP",
        "CH4",
        "CO",
        "NMHC",
        "NO",
        "NO2",
        "NOx",
        "O3",
        "PM10",
        "PM2.5",
        "RAINFALL",
        "RH",
        "SO2",
        "THC",
        "WD_HR",
        "WIND_DIREC",
        "WIND_SPEED",
        "WS_HR"
    ],
    "weights": [
        -1.4532229981276562e-05,
        -0.0004217396499646447,
        -7.735933470855714e-05,
        0.0018547680747443025,
        -0.0008840638831907264,
        -0.0008871381505667728,
        0.0008571633529016819,
        -1.43774900090379e-07,
        1.3925847251076644e-06,
        0.9999853323001743,
        0.0,
        -2.0746945595934258e-05,
        0.00012164850581537255,
        0.0014330284247801425,
        -3.5176263075285835e-06,
        1.549629254522611e-06,
        7.673019945898529e-05,
        -0.0002816678660479259
    ],
    "bias": 4.314312536016842e-05
}