{
    "feature_names": [
        "AMB_TEMP",
        "CH4",
        "CO",
        "NMHC",
        "NO",
        "NO2",
        "NOx",
        "O3",
        "PM10",
        "PM2.5",
        "RAINFALL",
        "RH",
        "SO2",
        "THC",
        "WD_HR",
        "WIND_DIREC",
        "WIND_SPEED",
        "WS_HR"
    ],
    "weights": [
        0.00013277907920870283,
        0.0010586381014663665,
        0.0002702935132613131,
        0.0018942504488615797,
        -0.0010677283040412705,
        -0.0009760266866073526,
        0.0007860112238222445,
        -8.138149094756637e-05,
        1.4745738826609894e-05,
        0.9999220848605483,
        0.0,
        -5.9759549419772205e-05,
        0.0009633246608892233,
        0.0029528885503282967,
        -2.2798416825721136e-05,
        -5.008022200287604e-06,
        0.0008966859679503249,
        -0.0019388109347341792
    ],
    "bias": 0.0007054442742959368
}