{
    "feature_names": [
        "AMB_TEMP",
        "CH4",
        "CO",
        "NMHC",
        "NO",
        "NO2",
        "NOx",
        "O3",
        "PM10",
        "PM2.5",
        "RAINFALL",
        "RH",
        "SO2",
        "THC",
        "WD_HR",
        "WIND_DIREC",
        "WIND_SPEED",
        "WS_HR"
    ],
    "weights": [
        4.045512868173958e-05,
        0.0008841552293213824,
        0.00022484177417560842,
        0.001891882615011242,
        -0.0010364064824759916,
        -0.0009747638453145317,
        0.0008390381502797485,
        -4.389120473041274e-05,
        9.75753801194912e-06,
        0.9999392091560182,
        0.0,
        -6.144766763482017e-05,
        0.0007195156021732621,
        0.0027760378443328878,
        -1.8487726542683493e-05,
        -1.7570017959880643e-06,
        0.0006526224883593259,
        -0.0015262363047706079
    ],
    "bias": 0.0006281998526282476
}