{
    "feature_names": [
        "AMB_TEMP",
        "CH4",
        "CO",
        "NMHC",
        "NO",
        "NO2",
        "NOx",
        "O3",
        "PM10",
        "PM2.5",
        "RAINFALL",
        "RH",
        "SO2",
        "THC",
        "WD_HR",
        "WIND_DIREC",
        "WIND_SPEED",
        "WS_HR"
    ],
    "weights": [
        0.0002849978002881477,
        0.001226405626041082,
        0.0003169520529724302,
        0.0018949145829215142,
        -0.0011117795152369482,
        -0.0009744977611632436,
        0.0007022754867398157,
        -0.00014106392125919987,
        2.258110995955389e-05,
        0.9998972707256388,
        0.0,
        -5.28247535994767e-05,
        0.0013205685910252507,
        0.0031213202089629397,
        -2.8674934530119844e-05,
        -1.0250411226804e-05,
        0.001258523865648996,
        -0.0025222786479669216
    ],
    "bias": 0.0007790423155475764
}