{
    "feature_names": [
        "AMB_TEMP",
        "CH4",
        "CO",
        "NMHC",
        "NO",
        "NO2",
        "NOx",
        "O3",
        "PM10",
        "PM2.5",
        "RAINFALL",
        "RH",
        "SO2",
        "THC",
        "WD_HR",
        "WIND_DIREC",
        "WIND_SPEED",
        "WS_HR"
    ],
    "weights": [
        -5.723969359915833e-05,
        0.0001356171595223196,
        4.538911881993901e-05,
        0.0018736961280578807,
        -0.0009548314980079716,
        -0.0009469175554252709,
        0.0009032758500086788,
        5.858285666190708e-06,
        1.8971879647751478e-06,
        0.9999742248500629,
        0.0,
        -4.374444102401995e-05,
        0.0002482976857720155,
        0.0020093132875805687,
        -8.119693179909143e-06,
        2.350329887958333e-06,
        0.00019110063694809494,
        -0.0006192699419266517
    ],
    "bias": 0.0002936755614340764
}