{
    "feature_names": [
        "AMB_TEMP",
        "CH4",
        "CO",
        "NMHC",
        "NO",
        "NO2",
        "NOx",
        "O3",
        "PM10",
        "PM2.5",
        "RAINFALL",
        "RH",
        "SO2",
        "THC",
        "WD_HR",
        "WIND_DIREC",
        "WIND_SPEED",
        "WS_HR"
    ],
    "weights": [
        -2.4823671529350894e-05,
        -0.0003202251957718841,
        -5.593229181761077e-05,
        0.0018586852663511186,
        -0.0009013933083398501,
        -0.0009031454657981452,
        0.0008719411569356302,
        1.8966339011160416e-06,
        1.337890950967179e-06,
        0.9999836629161419,
        0.0,
        -2.5174318913215775e-05,
        0.00013951740978100093,
        0.0015384600705797052,
        -4.291483303391356e-06,
        1.7891823991951136e-06,
        9.19389838271053e-05,
        -0.00033496883479138884
    ],
    "bias": 8.884099685732872e-05
}