{
    "feature_names": [
        "AMB_TEMP",
        "CH4",
        "CO",
        "NMHC",
        "NO",
        "NO2",
        "NOx",
        "O3",
        "PM10",
        "PM2.5",
        "RAINFALL",
        "RH",
        "SO2",
        "THC",
        "WD_HR",
        "WIND_DIREC",
        "WIND_SPEED",
        "WS_HR"
    ],
    "weights": [
        -5.513169121566975e-05,
        0.00039923337778392337,
        0.00010660499949803283,
        0.0018810949087023961,
        -0.0009798243533044872,
        -0.0009610451061825945,
        0.0009002322234990315,
        3.640093310349874e-07,
        3.212883347813021e-06,
        0.9999660394100268,
        0.0,
        -5.268717851069276e-05,
        0.00035200693962282673,
        0.0022803282864865175,
        -1.0893416721674966e-05,
        1.9688782620637685e-06,
        0.0002904243028262844,
        -0.0008454426045511465
    ],
    "bias": 0.0004118383346033144
}