{
    "feature_names": [
        "AMB_TEMP",
        "CH4",
        "CO",
        "NMHC",
        "NO",
        "NO2",
        "NOx",
        "O3",
        "PM10",
        "PM2.5",
        "RAINFALL",
        "RH",
        "SO2",
        "THC",
        "WD_HR",
        "WIND_DIREC",
        "WIND_SPEED",
        "WS_HR"
    ],
    "weights": [
        0.0005270133264216505,
        0.0013705114251795776,
        0.0003621003772067622,
        0.0018925345502512753,
        -0.0011762975314316849,
        -0.0009684513253872942,
        0.0005727013506243345,
        -0.00023383490913590275,
        3.5182043233122665e-05,
        0.9998607352432307,
        0.0,
        -3.749392685113314e-05,
        0.001845195775175704,
        0.0032630459754311764,
        -3.676742188126114e-05,
        -1.8554635733081685e-05,
        0.0018015219482704218,
        -0.0033623913375798223
    ],
    "bias": 0.0008410153865835065
}