{
    "feature_names": [
        "AMB_TEMP",
        "CH4",
        "CO",
        "NMHC",
        "NO",
        "NO2",
        "NOx",
        "O3",
        "PM10",
        "PM2.5",
        "RAINFALL",
        "RH",
        "SO2",
        "THC",
        "WD_HR",
        "WIND_DIREC",
        "WIND_SPEED",
        "WS_HR"
    ],
    "weights": [
        6.604038560676945e-05,
        0.0009423425033394234,
        0.00023975149157704986,
        0.0018928039648463632,
        -0.0010457674532175349,
        -0.0009754336616444727,
        0.0008240596919082717,
        -5.445620420685556e-05,
        1.1180300605465043e-05,
        0.9999341740223708,
        0.0,
        -6.131951018736214e-05,
        0.0007907860198797691,
        0.002835146468186109,
        -1.978339629386154e-05,
        -2.66897348432751e-06,
        0.0007237288187506479,
        -0.001648684338514361
    ],
    "bias": 0.0006540140219320765
}