{
    "feature_names": [
        "AMB_TEMP",
        "CH4",
        "CO",
        "NMHC",
        "NO",
        "NO2",
        "NOx",
        "O3",
        "PM10",
        "PM2.5",
        "RAINFALL",
        "RH",
        "SO2",
        "THC",
        "WD_HR",
        "WIND_DIREC",
        "WIND_SPEED",
        "WS_HR"
    ],
    "weights": [
        0.001961758298664662,
        0.0012332423985386557,
        0.00039569220298198225,
        0.0018256116997670063,
        -0.0017266631211382375,
        -0.0008057608511022329,
        -0.0003123640383725284,
        -0.0007759143807238006,
        0.00019151123849767384,
        0.9995806192340781,
        0.0,
        9.865412921859357e-05,
        0.004989907378396258,
        0.003058854098305848,
        -7.594066549120714e-05,
        -8.127279474635015e-05,
        0.00612647498356276,
        -0.009351086200846764
    ],
    "bias": 0.0007531471991832581
}