{
    "feature_names": [
        "AMB_TEMP",
        "CH4",
        "CO",
        "NMHC",
        "NO",
        "NO2",
        "NOx",
        "O3",
        "PM10",
        "PM2.5",
        "RAINFALL",
        "RH",
        "SO2",
        "THC",
        "WD_HR",
        "WIND_DIREC",
        "WIND_SPEED",
        "WS_HR"
    ],
    "weights": [
        -1.6464844978642147e-05,
        -0.0004030342481764421,
        -7.345913611308253e-05,
        0.0018555151249558702,
        -0.000887528722214536,
        -0.0008903715975252433,
        0.0008601915970841898,
        2.4637380424794326e-07,
        1.3788866952647338e-06,
        0.9999850311817305,
        0.0,
        -2.1567449454053567e-05,
        0.00012485049065333236,
        0.0014524808767798455,
        -3.659467334804312e-06,
        1.5956049136870997e-06,
        7.942017421348005e-05,
        -0.0002913298061381206
    ],
    "bias": 5.1566335813441596e-05
}