{
    "feature_names": [
        "AMB_TEMP",
        "CH4",
        "CO",
        "NMHC",
        "NO",
        "NO2",
        "NOx",
        "O3",
        "PM10",
        "PM2.5",
        "RAINFALL",
        "RH",
        "SO2",
        "THC",
        "WD_HR",
        "WIND_DIREC",
        "WIND_SPEED",
        "WS_HR"
    ],
    "weights": [
        -2.484034150139673e-05,
        0.0006574949300173665,
        0.0001684654249404631,
        0.0018874066744776485,
        -0.0010065828096618768,
        -0.0009701265063950482,
        0.0008791435174505485,
        -1.5530806744032992e-05,
        5.7734388023878695e-06,
        0.9999543952540335,
        0.0,
        -5.907647809106257e-05,
        0.0005080595900431525,
        0.002544901604495296,
        -1.4376960850116891e-05,
        6.629401373181765e-07,
        0.00044303976823364336,
        -0.0011486013759821692
    ],
    "bias": 0.0005272864154847983
}