{
    "feature_names": [
        "AMB_TEMP",
        "CH4",
        "CO",
        "NMHC",
        "NO",
        "NO2",
        "NOx",
        "O3",
        "PM10",
        "PM2.5",
        "RAINFALL",
        "RH",
        "SO2",
        "THC",
        "WD_HR",
        "WIND_DIREC",
        "WIND_SPEED",
        "WS_HR"
    ],
    "weights": [
        -3.4320735707408125e-05,
        0.0006032643520598645,
        0.00015529615789890266,
        0.0018861718153067356,
        -0.0010005288539075856,
        -0.0009685613259373826,
        0.0008853861795114473,
        -1.1031714500698024e-05,
        5.096113684053935e-06,
        0.9999572401957786,
        0.0,
        -5.7995973967202844e-05,
        0.00046928530737260914,
        0.0024894361673668025,
        -1.3560643463620546e-05,
        1.0398500437094436e-06,
        0.000404900441265032,
        -0.001075954518583488
    ],
    "bias": 0.0005030776288339018
}