{
    "feature_names": [
        "SO2",
        "CH4",
        "CO",
        "AMB_TEMP",
        "RAINFALL",
        "WIND_SPEED"
    ],
    "weights": [
        5.703375552608082,
        2.3029984290442695,
        0.288737323929564,
        -0.09311633388189017,
        0.0,
        0.49435482968869915
    ],
    "bias": 1.1784590107979758
}