{
    "feature_names": [
        "SO2",
        "CH4",
        "CO",
        "AMB_TEMP",
        "RAINFALL",
        "WIND_SPEED"
    ],
    "weights": [
        2.4711094679832444,
        1.0775095635054006,
        0.16513301026934604,
        0.31710372897427896,
        0.0,
        1.0697482945334424
    ],
    "bias": 0.5348116423488557
}