{
    "feature_names": [
        "SO2",
        "CH4",
        "CO",
        "AMB_TEMP",
        "RAINFALL",
        "WIND_SPEED"
    ],
    "weights": [
        4.749565682445457,
        1.9419148655268073,
        0.27160318465588873,
        -0.0113586531363117,
        0.0,
        0.8534316255765282
    ],
    "bias": 0.978944234283789
}