{
    "feature_names": [
        "SO2",
        "CH4",
        "CO",
        "AMB_TEMP",
        "RAINFALL",
        "WIND_SPEED"
    ],
    "weights": [
        3.2562336141992825,
        1.3791633231366018,
        0.20701081288382686,
        0.17886788481004456,
        0.0,
        1.1124254871930115
    ],
    "bias": 0.6872009789870572
}