{
    "feature_names": [
        "SO2",
        "CH4",
        "CO",
        "AMB_TEMP",
        "RAINFALL",
        "WIND_SPEED"
    ],
    "weights": [
        5.065753882057822,
        2.0605924481353215,
        0.2808944603004068,
        -0.04105553697347534,
        0.0,
        0.747968025021321
    ],
    "bias": 1.0427015540998774
}