{
    "feature_names": [
        "SO2",
        "CH4",
        "CO",
        "AMB_TEMP",
        "RAINFALL",
        "WIND_SPEED"
    ],
    "weights": [
        5.322653698627266,
        2.1575027540352565,
        0.2863407208069769,
        -0.06310345852465668,
        0.0,
        0.6517394186618108
    ],
    "bias": 1.0958325256881079
}