{
    "feature_names": [
        "PM2.5",
        "PM10",
        "NO2",
        "NOx",
        "SO2",
        "CH4",
        "CO",
        "RH",
        "AMB_TEMP",
        "RAINFALL",
        "WIND_SPEED"
    ],
    "weights": [
        0.9971493396616938,
        0.000989513481063828,
        0.01677566703661042,
        -0.01695181150245303,
        0.029699411468524218,
        -0.004683387671906892,
        -0.0007591312655950346,
        -0.0009523731654008986,
        0.002858113212804671,
        0.0,
        0.01448385372458343
    ],
    "bias": -0.0016453607124766812
}