{
    "feature_names": [
        "PM2.5",
        "PM10",
        "NO2",
        "NOx",
        "SO2",
        "CH4",
        "CO",
        "RH",
        "AMB_TEMP",
        "RAINFALL",
        "WIND_SPEED"
    ],
    "weights": [
        0.9892553083299989,
        0.012193577367698213,
        0.030971325651757385,
        -0.03457494495527462,
        0.04487848009329243,
        -0.006239278603972567,
        -0.000695635383077141,
        -0.00044802812238050005,
        -0.007699495470971269,
        0.0,
        -0.0014848564762148578
    ],
    "bias": -0.0021873280288764404
}