{
    "feature_names": [
        "PM2.5",
        "PM10",
        "NO2",
        "NOx",
        "SO2",
        "CH4",
        "CO",
        "RH",
        "AMB_TEMP",
        "RAINFALL",
        "WIND_SPEED"
    ],
    "weights": [
        0.9979583306406477,
        0.0006577177294657162,
        0.013359734841487574,
        -0.013248836661362095,
        0.02026322329388413,
        -0.004621908976850293,
        -0.0009522762472040148,
        -0.000738163247987314,
        0.002238923672188639,
        0.0,
        0.012751273387355691
    ],
    "bias": -0.0017397768754878326
}