{
    "feature_names": [
        "PM2.5",
        "PM10",
        "NO2",
        "NOx",
        "SO2",
        "CH4",
        "CO",
        "RH",
        "AMB_TEMP",
        "RAINFALL",
        "WIND_SPEED"
    ],
    "weights": [
        0.9939316117386833,
        0.0053399152740814335,
        0.026360457362338368,
        -0.027968941086979993,
        0.04228491824029619,
        -0.005570638815522289,
        -0.0006399197764254662,
        -0.0011158176194072263,
        0.0011818311118501495,
        0.0,
        0.00591782823404276
    ],
    "bias": -0.0018862925773803945
}