{
    "feature_names": [
        "PM2.5",
        "PM10",
        "NO2",
        "NOx",
        "SO2",
        "CH4",
        "CO",
        "RH",
        "AMB_TEMP",
        "RAINFALL",
        "WIND_SPEED"
    ],
    "weights": [
        0.9707543848332806,
        0.037881467754220036,
        0.03522582020965291,
        -0.04647479881621158,
        0.04757409646578316,
        -0.007269137259744235,
        -0.0008167582172110278,
        0.00329431817395492,
        -0.051021727280855945,
        0.0,
        -0.010718380820121
    ],
    "bias": -0.0028035246522478637
}