{
    "feature_names": [
        "PM2.5",
        "PM10",
        "NO2",
        "NOx",
        "SO2",
        "CH4",
        "CO",
        "RH",
        "AMB_TEMP",
        "RAINFALL",
        "WIND_SPEED"
    ],
    "weights": [
        0.997827722403607,
        0.0006926881389672216,
        0.013931626421328367,
        -0.013861771172185724,
        0.021890068559672286,
        -0.004626620510274239,
        -0.0009173799915836109,
        -0.0007759910995098293,
        0.0023505761212381025,
        0.0,
        0.013173096583287825
    ],
    "bias": -0.001720604806567881
}