{
    "feature_names": [
        "PM2.5",
        "PM10",
        "NO2",
        "NOx",
        "SO2",
        "CH4",
        "CO",
        "RH",
        "AMB_TEMP",
        "RAINFALL",
        "WIND_SPEED"
    ],
    "weights": [
        0.9965968482017434,
        0.001476535209650864,
        0.01901702421370188,
        -0.01942684620216788,
        0.03444258824379414,
        -0.004804671815014266,
        -0.0006791674814789382,
        -0.0010639799381941717,
        0.0031202988507847414,
        0.0,
        0.014002662028623276
    ],
    "bias": -0.0016387641481805562
}