{
    "feature_names": [
        "SO2",
        "CH4",
        "CO",
        "AMB_TEMP",
        "RAINFALL",
        "WIND_SPEED"
    ],
    "weights": [
        5.843562743772393,
        2.3576131841055714,
        0.2867656558296713,
        -0.10360902511786589,
        0.0,
        0.4326287101738089
    ],
    "bias": 1.210892063560555
}