{
    "feature_names": [
        "SO2",
        "CH4",
        "CO",
        "AMB_TEMP",
        "RAINFALL",
        "WIND_SPEED"
    ],
    "weights": [
        5.958436499641452,
        2.4030750613403824,
        0.28320482791737706,
        -0.11208925432426883,
        0.0,
        0.3807358125061035
    ],
    "bias": 1.238839017350875
}