{
    "feature_names": [
        "SO2",
        "CH4",
        "CO",
        "AMB_TEMP",
        "RAINFALL",
        "WIND_SPEED"
    ],
    "weights": [
        5.532139491230068,
        2.237169746223004,
        0.2887519878092317,
        -0.07994563009976978,
        0.0,
        0.5671263532779401
    ],
    "bias": 1.1405325951181113
}