{
    "feature_names": [
        "SO2",
        "CH4",
        "CO",
        "AMB_TEMP",
        "RAINFALL",
        "WIND_SPEED"
    ],
    "weights": [
        4.358347050495716,
        1.7952845367610217,
        0.25735836019295316,
        0.02997997293231206,
        0.0,
        0.961519409209725
    ],
    "bias": 0.9015691693137574
}