{
    "feature_names": [
        "SO2",
        "CH4",
        "CO",
        "AMB_TEMP",
        "RAINFALL",
        "WIND_SPEED"
    ],
    "weights": [
        3.870638720627347,
        1.611962799305264,
        0.23659258695487806,
        0.08962291527907404,
        0.0,
        1.0576314280077903
    ],
    "bias": 0.8063664696943253
}