{
    "feature_names": [
        "SO2",
        "CH4",
        "CO",
        "AMB_TEMP",
        "RAINFALL",
        "WIND_SPEED"
    ],
    "weights": [
        1.448823013269171,
        0.6766607783424734,
        0.10550738725483068,
        0.5378974520611068,
        0.0,
        0.8251425185965959
    ],
    "bias": 0.33474831415218087
}